sat,lat,lon,rise_time,set_time,incidence_angle,reward,s,p,i,t,obs,,,,s,p,i,t
smallsat01,1.268508355,-1.723986476,6.161942201,8.738552584,0.072728325,0.004090814,1,8,1,1,1,,,min,0,7,1,1
smallsat01,1.269074976,-1.647294544,7.814649722,10.40854697,0.344019124,0.007805954,1,11,2,2,1,,,max,4,13,403,622
smallsat02,0.584998062,1.392542185,38.74186149,41.24919779,0.033030762,0.483484619,2,7,3,3,1,,,,,,,
smallsat02,0.400252692,1.395240639,205.0475593,207.5380813,0.133676249,0.433161876,2,9,4,4,1,,,,,,,
smallsat02,0.389991203,1.340204124,213.9927912,216.510567,0.459280817,0.270359591,2,12,5,5,1,,,,,,,
smallsat02,0.389693799,1.340152113,214.2600299,216.7777489,0.459677632,0.270161184,2,12,6,6,1,,,,,,,
smallsat02,0.388412902,1.337865034,215.3806021,217.9010402,0.480234452,0.260905707,2,13,7,7,1,,,,,,,
smallsat02,0.38789227,1.33743481,215.8431068,218.364121,0.484086906,0.258971898,2,13,8,8,1,,,,,,,
smallsat02,0.384938126,1.33776363,218.509294,221.0294872,0.479693975,0.26117701,2,12,9,9,1,,,,,,,
smallsat02,0.331755849,1.364719542,266.6231921,269.1111571,0.168518455,0.415740773,2,9,10,10,1,,,,,,,
smallsat00,0.318898951,-1.778356536,283.5139913,285.9983648,0.172282788,0.007946361,0,9,11,11,1,,,,,,,
smallsat02,0.289267729,1.384297948,304.8275757,307.3092184,0.095706606,0.452146697,2,8,12,12,1,,,,,,,
smallsat00,0.348884039,-1.764055186,310.4453479,312.9288806,0.019991544,0.006784925,0,7,13,13,1,,,,,,,
smallsat02,0.280693275,1.361358736,312.5124018,314.9967366,0.171416651,0.414291675,2,9,14,14,1,,,,,,,
smallsat02,0.279321097,1.366810098,313.761871,316.2439146,0.106234649,0.446882676,2,8,15,15,1,,,,,,,
smallsat00,0.354539849,-1.794089388,315.6407561,318.1347577,0.317776351,0.023916487,0,11,16,16,1,,,,,,,
smallsat00,0.418161655,-1.722053698,373.127779,375.6514847,0.503850761,0.002149319,0,13,17,17,1,,,,,,,
smallsat00,0.41887902,-1.723426417,373.7533839,376.2752353,0.492076545,0.253961727,0,13,18,18,1,,,,,,,
smallsat00,0.463583587,-1.730803016,413.9421771,416.4602393,0.443582955,0.002240135,0,12,19,19,1,,,,,,,
smallsat00,0.514042121,-1.763692612,459.0882346,461.5855453,0.139023986,0.003774806,0,9,20,20,1,,,,,,,
smallsat01,1.241992702,1.361360831,579.8420345,582.4346208,0.020887765,0.489556118,1,7,21,21,1,,,,,,,
smallsat01,1.241953432,1.361690698,579.8772363,582.4698168,0.02226703,0.488866485,1,7,22,22,1,,,,,,,
smallsat01,1.238603272,1.44455352,581.8249017,584.4271806,0.346802729,0.326598636,1,11,23,23,1,,,,,,,
smallsat01,1.238600829,1.444567658,581.8267597,584.4290426,0.346856869,0.326571565,1,11,24,24,1,,,,,,,
smallsat01,1.238129241,1.44890899,582.1424089,584.7459297,0.363027415,0.318486293,1,11,25,25,1,,,,,,,
smallsat01,1.238771871,1.366946757,582.7561732,585.348616,0.044698882,0.477650559,1,8,26,26,1,,,,,,,
smallsat01,1.235713705,1.454938404,584.1619606,586.7674996,0.387253677,0.306373162,1,11,27,27,1,,,,,,,
smallsat01,1.233814089,1.438149384,586.3117861,588.9127289,0.32905375,0.335473125,1,11,28,28,1,,,,,,,
smallsat01,1.232918211,1.454957254,586.6868422,589.2926642,0.390657525,0.304671237,1,11,29,29,1,,,,,,,
smallsat01,1.230965537,1.452201553,588.5282003,591.1333442,0.383249672,0.308375164,1,11,30,30,1,,,,,,,
smallsat01,1.22729668,1.443270529,592.0819752,594.6847651,0.355298577,0.322350712,1,11,31,31,1,,,,,,,
smallsat01,1.226488593,1.440430355,592.8839504,595.4860578,0.345633913,0.327183043,1,11,32,32,1,,,,,,,
smallsat01,1.217042173,1.466081459,600.6785615,603.2902384,0.449811781,0.275094109,1,12,33,33,1,,,,,,,
smallsat00,0.719330226,-1.774535243,644.1948822,646.7092969,0.145421419,0.00311323,0,9,34,34,1,,,,,,,
smallsat00,0.76863925,-1.735706309,689.4019544,691.9511789,0.478371318,0.003972202,0,12,35,35,1,,,,,,,
smallsat00,0.775909088,-1.752275139,695.6143009,698.1484095,0.355212129,0.023481885,0,11,36,36,1,,,,,,,
smallsat00,0.829138383,-1.770327463,743.4908277,746.0188698,0.22404907,0.029145234,0,10,37,37,1,,,,,,,
smallsat00,0.829505601,-1.775581917,743.7664301,746.2920499,0.181594187,0.409202907,0,9,38,38,1,,,,,,,
smallsat00,0.829734588,-1.780233743,743.9336574,746.4574885,0.14329738,0.42835131,0,9,39,39,1,,,,,,,
smallsat00,0.829958688,-1.769981853,744.2371219,746.7653887,0.227294997,0.386352502,0,10,40,40,1,,,,,,,
smallsat00,0.830854915,-1.767271357,745.082455,747.612258,0.249059808,0.375470096,0,10,41,41,1,,,,,,,
smallsat00,0.831048123,-1.784867417,745.0912492,747.6137577,0.106151038,0.446924481,0,8,42,42,1,,,,,,,
smallsat00,0.834328294,-1.785702383,748.0528982,750.5755549,0.100637025,0.449681487,0,8,43,43,1,,,,,,,
smallsat00,0.836809105,-1.857902814,751.0669169,753.6105229,0.466874221,0.266562889,0,12,44,44,1,,,,,,,
smallsat00,0.836809105,-1.857909796,751.0671029,753.6107148,0.466920779,0.266539611,0,12,45,45,1,,,,,,,
smallsat00,0.837777205,-1.857284845,751.9240078,754.4669329,0.461979398,0.014599906,0,12,46,46,1,,,,,,,
smallsat00,0.874300872,-1.849139987,784.6901625,787.2268179,0.374236784,0.006342527,0,11,47,47,1,,,,,,,
smallsat00,0.885352157,-1.83010499,794.3458079,796.873993,0.227127846,0.005511094,0,10,48,48,1,,,,,,,
smallsat00,0.894808334,-1.865138687,803.5938654,806.1413746,0.461681174,0.007029008,0,12,49,49,1,,,,,,,
smallsat00,0.897762845,-1.744511129,806.0993228,808.6516749,0.42071117,0.009958554,0,12,50,50,1,,,,,,,
smallsat00,0.905280466,-1.822014656,812.2717372,814.7990355,0.151557825,0.007717713,0,9,51,51,1,,,,,,,
smallsat00,0.905092774,-1.737506843,812.9270619,815.4862114,0.464682017,0.002855565,0,12,52,52,1,,,,,,,
smallsat00,0.906150304,-1.818271099,813.029096,815.555937,0.123977577,0.004510639,0,8,53,53,1,,,,,,,
smallsat00,0.905577207,-1.739287708,813.3165191,815.874061,0.453551114,0.091721628,0,12,54,54,1,,,,,,,
smallsat00,0.917558125,-1.750692509,823.8868952,826.4359232,0.379717251,0.003201486,0,11,55,55,1,,,,,,,
smallsat00,0.91878085,-1.758404299,824.8328793,827.3766141,0.32809207,0.006896463,0,11,56,56,1,,,,,,,
smallsat00,0.923024897,-1.766047776,828.5420705,831.0816335,0.275591432,0.006280139,0,10,57,57,1,,,,,,,
smallsat00,0.927818235,-1.732936577,833.6566926,836.2216091,0.489153468,0.042643085,0,13,58,58,1,,,,,,,
smallsat01,0.956404075,1.341903673,839.1347528,841.720126,0.033386883,0.063363745,1,7,59,59,1,,,,,,,
smallsat00,0.936532629,-1.804708722,840.4662927,842.9951088,0.004602139,0.008662948,0,7,60,60,1,,,,,,,
smallsat00,0.93721521,-1.750165472,841.7108883,844.2618464,0.382495471,0.027001826,0,11,61,61,1,,,,,,,
smallsat00,0.938411633,-1.835413688,842.3720178,844.9042703,0.225316593,0.003400344,0,10,62,62,1,,,,,,,
smallsat00,0.941745892,-1.78688685,845.2515437,847.7840863,0.131342166,0.012126753,0,9,63,63,1,,,,,,,
smallsat00,0.941269679,-1.732816707,845.8529376,848.4186982,0.487457982,0.001961669,0,13,64,64,1,,,,,,,
smallsat00,0.943558853,-1.773919944,847.0275926,849.565081,0.223360028,0.002884959,0,10,65,65,1,,,,,,,
smallsat00,0.943968604,-1.851248921,847.6554438,850.1938665,0.328574042,0.002798056,0,11,66,66,1,,,,,,,
smallsat00,0.943726632,-1.86962942,847.8712374,850.420214,0.444224162,0.002300727,0,12,67,67,1,,,,,,,
smallsat00,0.945107396,-1.761239307,848.6314096,851.1756586,0.310139053,0.006528844,0,11,68,68,1,,,,,,,
smallsat00,0.945116315,-1.742147656,849.0717507,851.6295212,0.431687167,0.003492472,0,12,69,69,1,,,,,,,
smallsat00,0.945738281,-1.754986246,849.3275575,851.8757917,0.35127142,0.007324794,0,11,70,70,1,,,,,,,
smallsat00,0.949139386,-1.791626065,851.9153096,854.4472699,0.098456396,0.003627811,0,8,71,71,1,,,,,,,
smallsat00,0.949422374,-1.774651796,852.3297627,854.8674562,0.219559513,0.003521087,0,10,72,72,1,,,,,,,
smallsat00,0.949745347,-1.78327278,852.5266557,855.0610588,0.158636289,0.009636419,0,9,73,73,1,,,,,,,
smallsat00,0.951898734,-1.784422184,854.4666538,857.0008749,0.151233846,0.424383077,0,9,74,74,1,,,,,,,
smallsat00,0.952005723,-1.77772745,854.6321846,857.1688268,0.198231397,0.400884302,0,9,75,75,1,,,,,,,
smallsat00,0.951988444,-1.773928915,854.663922,857.2021624,0.22461719,0.387691405,0,10,76,76,1,,,,,,,
smallsat00,0.951933519,-1.843029991,854.7071866,857.2424293,0.267215583,0.011148582,0,10,77,77,1,,,,,,,
smallsat00,0.952211462,-1.770872879,854.9085505,857.4482191,0.245711588,0.006428297,0,10,78,78,1,,,,,,,
smallsat00,0.954145409,-1.765174675,856.7509322,859.2936808,0.284346403,0.002630981,0,10,79,79,1,,,,,,,
smallsat00,0.953947053,-1.750019755,856.8780695,859.4303728,0.382362611,0.003910674,0,11,80,80,1,,,,,,,
smallsat00,0.954799716,-1.877737923,858.1010981,860.6554408,0.480960062,0.01085745,0,13,81,81,1,,,,,,,
smallsat00,0.955583875,-1.863884372,858.4279455,860.9731651,0.398526588,0.005567639,0,12,82,82,1,,,,,,,
smallsat00,0.95713261,-1.800056756,859.1190258,861.6501259,0.040773286,0.017385664,0,7,83,83,1,,,,,,,
smallsat00,0.958682009,-1.815706024,860.536128,863.0664736,0.072595361,0.007486319,0,8,84,84,1,,,,,,,
smallsat00,0.958794199,-1.798079228,860.6290384,863.1605713,0.056437237,0.003592772,0,8,85,85,1,,,,,,,
smallsat00,0.958187871,-1.739507287,860.9924874,863.5532407,0.44552242,0.003240737,0,12,86,86,1,,,,,,,
smallsat00,0.960269456,-1.792654849,861.9887787,864.5214895,0.095812471,0.006432993,0,8,87,87,1,,,,,,,
smallsat00,0.961560982,-1.838834691,863.3488862,865.8832404,0.231260867,0.003348628,0,10,88,88,1,,,,,,,
smallsat00,0.963212849,-1.876307346,865.6517438,868.2046576,0.464833348,0.004251364,0,12,89,89,1,,,,,,,
smallsat00,0.963737756,-1.887482951,866.480164,869.0416297,0.525872683,0.002987318,0,13,90,90,1,,,,,,,
smallsat00,0.965190202,-1.836133096,866.5952582,869.1290131,0.210206855,0.004247508,0,9,91,91,1,,,,,,,
smallsat00,0.96546181,-1.824879631,866.7263204,869.2578832,0.132211325,0.037502066,0,9,92,92,1,,,,,,,
smallsat00,0.96525361,-1.766442762,866.795497,869.3385018,0.276591319,0.006678268,0,10,93,93,1,,,,,,,
smallsat00,0.966845717,-1.779608862,868.0547975,870.5920346,0.188258661,0.002762626,0,9,94,94,1,,,,,,,
smallsat00,0.967036987,-1.819934922,868.1181563,870.6493378,0.096524401,0.003534698,0,8,95,95,1,,,,,,,
smallsat00,0.966879017,-1.747479393,868.6609014,871.2159404,0.396745881,0.002240687,0,12,96,96,1,,,,,,,
smallsat00,0.967627816,-1.882104771,869.8134462,872.3702843,0.493045312,0.253477344,0,13,97,97,1,,,,,,,
smallsat00,0.967657487,-1.881734238,869.8285313,872.3850898,0.490981186,0.254509407,0,13,98,98,1,,,,,,,
smallsat00,0.969725492,-1.844558481,870.8161496,873.352598,0.263141216,0.003247828,0,10,99,99,1,,,,,,,
smallsat00,0.971604025,-1.835990589,872.3944144,874.9283662,0.204427663,0.005606663,0,9,100,100,1,,,,,,,
smallsat00,0.973380858,-1.773098732,874.0582082,876.5987154,0.233208559,0.005767038,0,10,101,101,1,,,,,,,
smallsat00,0.972233391,-1.726769246,874.1170301,876.6898324,0.513877994,0.243061003,0,13,102,102,1,,,,,,,
smallsat00,0.973492541,-1.853303435,874.3757812,876.9155728,0.316692805,0.008634725,0,11,103,103,1,,,,,,,
smallsat00,0.974351697,-1.753219362,875.2996395,877.8511845,0.360965787,0.319517106,0,11,104,104,1,,,,,,,
smallsat00,0.974543334,-1.863486297,875.5438807,878.0885543,0.378896796,0.002498698,0,11,105,105,1,,,,,,,
smallsat00,0.976087985,-1.880207948,877.3899374,879.9449204,0.47437873,0.007566844,0,12,106,106,1,,,,,,,
smallsat00,0.976968085,-1.753864628,877.6569707,880.2082758,0.356741956,0.010529276,0,11,107,107,1,,,,,,,
smallsat00,0.98147168,-1.800300247,881.1587962,883.6919679,0.051856737,0.171787125,0,8,108,108,1,,,,,,,
smallsat00,0.980050965,-1.888530218,881.2325191,883.7936055,0.515406461,0.00689512,0,13,109,109,1,,,,,,,
smallsat00,0.981000354,-1.737482775,881.7309786,884.2946142,0.452831885,0.273584057,0,12,110,110,1,,,,,,,
smallsat00,0.981973026,-1.754471112,882.1805559,884.7318194,0.352669912,0.323665044,0,11,111,111,1,,,,,,,
smallsat00,0.983714114,-1.767357628,883.5108354,886.0548987,0.271464684,0.003776241,0,10,112,112,1,,,,,,,
smallsat00,0.984330896,-1.778475533,883.9111323,886.4503632,0.198617644,0.004393712,0,9,113,113,1,,,,,,,
smallsat00,0.985967683,-1.746124354,885.9994235,888.5566376,0.402204306,0.008359974,0,12,114,114,1,,,,,,,
smallsat00,0.988231725,-1.820651118,887.3051584,889.8378257,0.088815383,0.003183072,0,8,115,115,1,,,,,,,
smallsat00,0.988110878,-1.89232343,888.6330819,891.1968336,0.527127612,0.005816015,0,13,116,116,1,,,,,,,
smallsat00,0.990194155,-1.838128984,889.236467,891.7718534,0.205373739,0.002809534,0,9,117,117,1,,,,,,,
smallsat00,0.989046479,-1.728738554,889.2954937,891.8669856,0.498650138,0.011587031,0,13,118,118,1,,,,,,,
smallsat00,0.989994385,-1.738580587,889.8537514,892.4169177,0.444684441,0.277657779,0,12,119,119,1,,,,,,,
smallsat00,0.989893854,-1.727971429,890.0889504,892.6611614,0.502463932,0.248768034,0,13,120,120,1,,,,,,,
smallsat00,0.989919685,-1.728313688,890.1011133,892.6730148,0.500646596,0.249676702,0,13,121,121,1,,,,,,,
smallsat00,0.991223969,-1.734631954,891.0845912,893.6510367,0.466269796,0.266865102,0,12,122,122,1,,,,,,,
smallsat00,0.992277485,-1.747830117,891.6771941,894.2335807,0.391230344,0.003197664,0,11,123,123,1,,,,,,,
smallsat00,0.992075865,-1.73269237,891.9163429,894.4844615,0.476611504,0.261694248,0,12,124,124,1,,,,,,,
smallsat00,0.992405906,-1.730917196,892.2712779,894.8409419,0.486079302,0.256960349,0,13,125,125,1,,,,,,,
smallsat00,0.993104858,-1.882720541,892.8263181,895.3821563,0.471628046,0.002151354,0,12,126,126,1,,,,,,,
smallsat00,0.99608047,-1.802979659,894.3840773,896.9179996,0.036445069,0.009371535,0,7,127,127,1,,,,,,,
smallsat00,0.994955658,-1.723644583,894.8247992,897.4012074,0.523401712,0.238299144,0,13,128,128,1,,,,,,,
smallsat00,1.002979809,-1.862748023,901.2211452,903.7655244,0.34894221,0.325528895,0,11,129,129,1,,,,,,,
smallsat00,1.00440138,-1.856113154,902.3697712,904.9112034,0.307761194,0.346119403,0,11,130,130,1,,,,,,,
smallsat00,1.005738826,-1.854597684,903.5502659,906.0912618,0.297358606,0.351320697,0,10,131,131,1,,,,,,,
smallsat00,1.006765777,-1.854444619,904.4760843,907.0169259,0.295575675,0.352212162,0,10,132,132,1,,,,,,,
smallsat00,1.007164044,-1.855321333,904.8524742,907.3936501,0.300527726,0.02693318,0,10,133,133,1,,,,,,,
smallsat00,1.011668111,-1.736075377,909.5784021,912.1444516,0.453083973,0.004523542,0,12,134,134,1,,,,,,,
smallsat00,1.016617445,-1.822952107,913.0162513,915.5509697,0.090124779,0.00500401,0,8,135,135,1,,,,,,,
smallsat00,1.019890008,-1.779544599,916.1275945,918.669333,0.196537706,0.002756411,0,9,136,136,1,,,,,,,
smallsat00,1.020879592,-1.835718807,916.9750913,919.511465,0.168465672,0.006522832,0,9,137,137,1,,,,,,,
smallsat00,1.021806589,-1.769878128,918.0010986,920.5468693,0.256533333,0.005965824,0,10,138,138,1,,,,,,,
smallsat00,1.024321416,-1.81257897,919.9605392,922.4958089,0.016437108,0.005007647,0,7,139,139,1,,,,,,,
smallsat00,1.026462429,-1.793457684,921.9546553,924.492784,0.109429746,0.067374311,0,8,140,140,1,,,,,,,
smallsat00,1.028662818,-1.888286675,925.0947539,927.6523062,0.465756343,0.001977948,0,12,141,141,1,,,,,,,
smallsat00,1.030723458,-1.808102061,925.7604625,928.2965568,0.020858593,0.006491055,0,7,142,142,1,,,,,,,
smallsat00,1.029260035,-1.726538985,925.8305242,928.4047973,0.496817476,0.002156305,0,13,143,143,1,,,,,,,
smallsat00,1.031431399,-1.861407331,926.9119245,929.4557904,0.31579839,0.003721144,0,11,144,144,1,,,,,,,
smallsat00,1.032366878,-1.842003702,927.4430932,929.9812037,0.198727406,0.011854561,0,9,145,145,1,,,,,,,
smallsat00,1.033642277,-1.812691351,928.4046232,930.9406154,0.013199015,0.003877141,0,7,146,146,1,,,,,,,
smallsat00,1.033575955,-1.836908074,928.4794339,931.0167276,0.1666512,0.4166744,0,9,147,147,1,,,,,,,
smallsat00,1.033578398,-1.836898998,928.4815514,931.0188443,0.166591279,0.416704361,0,9,148,148,1,,,,,,,
smallsat00,1.033817159,-1.831074137,928.6441615,931.1807087,0.129968018,0.435015991,0,8,149,149,1,,,,,,,
smallsat00,1.034891584,-1.864993738,930.1145252,932.6598077,0.333366735,0.333316632,0,11,150,150,1,,,,,,,
smallsat00,1.035723408,-1.875785458,931.1189556,933.6692684,0.392708159,0.30364592,0,12,151,151,1,,,,,,,
smallsat00,1.035798457,-1.884467947,931.4230238,933.9780631,0.438843622,0.280578189,0,12,152,152,1,,,,,,,
smallsat00,1.036150664,-1.881300349,931.6515279,934.2047414,0.421849973,0.289075014,0,12,153,153,1,,,,,,,
smallsat00,1.040848305,-1.760951293,935.4270198,937.9784097,0.308357571,0.002718616,0,11,154,154,1,,,,,,,
smallsat00,1.041457163,-1.747968923,936.2680973,938.8269727,0.381112823,0.004115806,0,11,155,155,1,,,,,,,
smallsat00,1.042523402,-1.733493738,937.6354211,940.2043612,0.457058875,0.002036391,0,12,156,156,1,,,,,,,
smallsat00,1.044823467,-1.857046573,938.9402339,941.4828848,0.279009877,0.012815119,0,10,157,157,1,,,,,,,
smallsat00,1.045401189,-1.818033124,939.0668081,941.6035219,0.041401655,0.018026122,0,7,158,158,1,,,,,,,
smallsat00,1.049662951,-1.729720197,944.2274514,946.7994146,0.473392905,0.002329885,0,12,159,159,1,,,,,,,
smallsat00,1.051692943,-1.829168516,944.8177714,947.3551146,0.107145266,0.004933022,0,8,160,160,1,,,,,,,
smallsat00,1.054174557,-1.799795672,947.0376428,949.5766681,0.075998725,0.014891821,0,8,161,161,1,,,,,,,
smallsat00,1.055292423,-1.814251571,948.0227091,950.5601566,0.015948556,0.004751984,0,7,162,162,1,,,,,,,
smallsat00,1.056305884,-1.748565389,949.7199645,952.2791185,0.374270307,0.002757799,0,11,163,163,1,,,,,,,
smallsat00,1.057242462,-1.782776495,949.9558875,952.4993414,0.180153777,0.036349522,0,9,164,164,1,,,,,,,
smallsat00,1.061421758,-1.823474118,953.5995521,956.1373144,0.067885524,0.005860204,0,8,165,165,1,,,,,,,
smallsat00,1.061673731,-1.812854034,953.8049286,956.3430044,0.012869743,0.01908057,0,7,166,166,1,,,,,,,
smallsat00,1.061628248,-1.727270156,955.1566566,957.7306061,0.480546082,0.033203841,0,13,167,167,1,,,,,,,
smallsat00,1.066220366,-1.734694978,959.0887494,961.6572864,0.442540759,0.003679045,0,12,168,168,1,,,,,,,
smallsat00,1.067516831,-1.771744967,959.4226851,961.9708559,0.244314872,0.017881777,0,10,169,169,1,,,,,,,
smallsat00,1.068387576,-1.741105067,960.8710659,963.4353157,0.409640668,0.00588175,0,12,170,170,1,,,,,,,
smallsat00,1.069720414,-1.78756259,961.221025,963.7640206,0.15348143,0.003365758,0,9,171,171,1,,,,,,,
smallsat00,1.070593742,-1.822406081,961.905794,964.4441492,0.05625453,0.008833772,0,8,172,172,1,,,,,,,
smallsat00,1.073492717,-1.7955862,964.5763103,967.1176069,0.106257584,0.007168708,0,8,173,173,1,,,,,,,
smallsat00,1.075377114,-1.837589712,966.3346981,968.8742839,0.142557261,0.006108994,0,9,174,174,1,,,,,,,
smallsat00,1.076691085,-1.801161602,967.4448611,969.985337,0.073940479,0.004687096,0,8,175,175,1,,,,,,,
smallsat00,1.079082954,-1.790087557,969.6884289,972.2313938,0.139345111,0.006407289,0,9,176,176,1,,,,,,,
smallsat00,1.07850038,-1.883319346,969.9634022,972.5161837,0.39060939,0.002031911,0,11,177,177,1,,,,,,,
smallsat00,1.080465394,-1.834088477,970.9144877,973.4539017,0.119143103,0.003529594,0,8,178,178,1,,,,,,,
smallsat01,0.809578252,1.302051977,972.0457571,974.6337674,0.217565346,0.506503595,1,9,179,179,1,,,,,,,
smallsat00,1.08285194,-1.782029477,973.1902692,975.7357683,0.186186821,0.002956855,0,9,180,180,1,,,,,,,
smallsat00,1.083705982,-1.795852904,973.8360365,976.378074,0.106983145,0.003807824,0,8,181,181,1,,,,,,,
smallsat00,1.0858497,-1.781290644,975.9182477,978.4641832,0.189942527,0.00380133,0,9,182,182,1,,,,,,,
smallsat00,1.087344941,-1.8107695,977.0759358,979.6159491,0.027241814,0.009234718,0,7,183,183,1,,,,,,,
smallsat00,1.08728841,-1.796216508,977.0824592,979.624638,0.105991512,0.007471825,0,8,184,184,1,,,,,,,
smallsat00,1.086854207,-1.738260197,977.698333,980.2648249,0.417207446,0.010209748,0,12,185,185,1,,,,,,,
smallsat00,1.087732439,-1.879319627,978.2066048,980.7574446,0.361359345,0.0028626,0,11,186,186,1,,,,,,,
smallsat00,1.088629975,-1.849876516,978.4720813,981.0140839,0.203407646,0.007282182,0,9,187,187,1,,,,,,,
smallsat00,1.088388945,-1.759132887,978.5830055,981.137899,0.310763631,0.006240806,0,11,188,188,1,,,,,,,
smallsat00,1.088360304,-1.754267502,978.6607873,981.2181068,0.336205239,0.006246309,0,11,189,189,1,,,,,,,
smallsat00,1.089970405,-1.804867756,979.4705302,982.0114517,0.05577466,0.005150434,0,8,190,190,1,,,,,,,
smallsat00,1.090883945,-1.80028241,980.3190183,982.860668,0.082593076,0.00956519,0,8,191,191,1,,,,,,,
smallsat00,1.091090837,-1.777290995,980.7242117,983.2718028,0.212338225,0.017347988,0,9,192,192,1,,,,,,,
smallsat00,1.091249976,-1.864102538,981.0663092,983.6118598,0.279188451,0.007417631,0,10,193,193,1,,,,,,,
smallsat00,1.095316855,-1.791744102,984.3976409,986.9414078,0.13186734,0.005522481,0,9,194,194,1,,,,,,,
smallsat00,1.097478375,-1.820707457,986.2665899,988.8067281,0.033318929,0.003856735,0,7,195,195,1,,,,,,,
smallsat00,1.097608332,-1.893040376,987.4896872,990.0463698,0.418825029,0.010000859,0,12,196,196,1,,,,,,,
smallsat00,1.100673392,-1.838450474,989.2560132,991.7970029,0.132415702,0.00663326,0,9,197,197,1,,,,,,,
smallsat00,1.103394587,-1.851557984,991.8620816,994.4050261,0.201696083,0.003954265,0,9,198,198,1,,,,,,,
smallsat00,1.103086764,-1.732518012,992.5870115,995.1573559,0.437695634,0.012433674,0,12,199,199,1,,,,,,,
smallsat00,1.104607591,-1.866654122,993.1985845,995.7450051,0.280971448,0.002764425,0,10,200,200,1,,,,,,,
smallsat00,1.10453249,-1.88017339,993.4134659,995.9643898,0.349468434,0.325265783,0,11,201,201,1,,,,,,,
smallsat00,1.105340246,-1.894672015,994.5192376,997.0764265,0.418447574,0.004448488,0,12,202,202,1,,,,,,,
smallsat00,1.107271121,-1.745907445,996.0128335,998.5752223,0.372448315,0.002955768,0,11,203,203,1,,,,,,,
smallsat00,1.108119805,-1.893336803,996.9921371,999.548586,0.409407257,0.00319491,0,12,204,204,1,,,,,,,
smallsat00,1.109507795,-1.757535509,997.7743197,1000.330891,0.314120711,0.081921651,0,11,205,205,1,,,,,,,
smallsat00,1.111069743,-1.862066332,998.9659281,1001.511357,0.251386088,0.002763633,0,10,206,206,1,,,,,,,
smallsat00,1.111685861,-1.872535532,999.715861,1002.264104,0.304524066,0.013798938,0,10,207,207,1,,,,,,,
smallsat00,1.112387693,-1.72552343,1001.239205,1003.814132,0.464870169,0.267564915,0,12,208,208,1,,,,,,,
smallsat00,1.112426649,-1.921072022,1001.783677,1004.354879,0.526622738,0.002121046,0,13,209,209,1,,,,,,,
smallsat00,1.113445031,-1.720891955,1002.351543,1004.929658,0.484583846,0.008582194,0,13,210,210,1,,,,,,,
smallsat00,1.11512875,-1.904621561,1003.65507,1006.21661,0.453249893,0.003045216,0,12,211,211,1,,,,,,,
smallsat00,1.115611665,-1.726159254,1004.14184,1006.716303,0.460369445,0.269815277,0,12,212,212,1,,,,,,,
smallsat00,1.115310422,-1.71674041,1004.186681,1006.76773,0.501272699,0.24936365,0,13,213,213,1,,,,,,,
smallsat00,1.11700374,-1.875933287,1004.596008,1007.145399,0.316609461,0.341695269,0,11,214,214,1,,,,,,,
smallsat00,1.117010721,-1.875944632,1004.602564,1007.151956,0.3166575,0.34167125,0,11,215,215,1,,,,,,,
smallsat00,1.115720714,-1.712113455,1004.726373,1007.310849,0.520389539,0.007363619,0,13,216,216,1,,,,,,,
smallsat00,1.117010721,-1.743223338,1004.915807,1007.479872,0.381633585,0.309183207,0,11,217,217,1,,,,,,,
smallsat00,1.11678889,-1.71867022,1005.459155,1008.038752,0.492260849,0.253869576,0,13,218,218,1,,,,,,,
smallsat00,1.11759593,-1.742379122,1005.468636,1008.033178,0.385521916,0.307239042,0,11,219,219,1,,,,,,,
smallsat00,1.117008976,-1.718591157,1005.661403,1008.24105,0.492422982,0.253788509,0,13,220,220,1,,,,,,,
smallsat00,1.117717091,-1.736446783,1005.74039,1008.308344,0.412927808,0.008064611,0,12,221,221,1,,,,,,,
smallsat00,1.118308077,-1.883845353,1005.953408,1008.505492,0.353885833,0.017249956,0,11,222,222,1,,,,,,,
smallsat00,1.11910084,-1.917591417,1007.673222,1010.241536,0.504538941,0.01596326,0,13,223,223,1,,,,,,,
smallsat00,1.121781684,-1.857940409,1008.598754,1011.143436,0.221483155,0.003426253,0,10,224,224,1,,,,,,,
smallsat00,1.121217523,-1.737129381,1008.895796,1011.463373,0.408223405,0.003028318,0,12,225,225,1,,,,,,,
smallsat00,1.122114623,-1.90959184,1010.118527,1012.682086,0.467265697,0.002346695,0,12,226,226,1,,,,,,,
smallsat01,0.766578802,1.345711598,1011.030499,1013.611521,0.186545911,0.032699499,1,9,227,227,1,,,,,,,
smallsat01,0.764606754,1.36135542,1012.606468,1015.194195,0.32006961,0.339965195,1,11,228,228,1,,,,,,,
smallsat00,1.12542827,-1.925912187,1013.68308,1016.255708,0.531077881,0.234461059,0,13,229,229,1,,,,,,,
smallsat00,1.127090626,-1.750674323,1013.876587,1016.437024,0.34246529,0.003261591,0,11,230,230,1,,,,,,,
smallsat00,1.127660022,-1.753620264,1014.326457,1016.885529,0.328311852,0.335844074,0,11,231,231,1,,,,,,,
smallsat00,1.126652269,-1.718234412,1014.414916,1016.994504,0.488349911,0.255825044,0,13,232,232,1,,,,,,,
smallsat00,1.127233813,-1.920554375,1015.111922,1017.681098,0.507392761,0.246303619,0,13,233,233,1,,,,,,,
smallsat00,1.12841575,-1.742681762,1015.274774,1017.839305,0.379497007,0.310251496,0,11,234,234,1,,,,,,,
smallsat00,1.129571228,-1.709099027,1017.390154,1019.97618,0.523947245,0.017496684,0,13,235,235,1,,,,,,,
smallsat00,1.130732657,-1.908230849,1017.851722,1020.413917,0.451748747,0.001854003,0,12,236,236,1,,,,,,,
smallsat00,1.133942841,-1.800979808,1019.371573,1021.916101,0.086900965,0.003254285,0,8,237,237,1,,,,,,,
smallsat00,1.13720631,-1.782253874,1022.499026,1025.047837,0.184132124,0.00328278,0,9,238,238,1,,,,,,,
smallsat00,1.137684216,-1.915698834,1024.366486,1026.932062,0.475343716,0.003619429,0,12,239,239,1,,,,,,,
smallsat00,1.138321104,-1.736423832,1024.427168,1026.995206,0.403349066,0.002702431,0,12,240,240,1,,,,,,,
smallsat00,1.139012865,-1.738922497,1024.985992,1027.552632,0.391909719,0.30404514,0,11,241,241,1,,,,,,,
smallsat00,1.142832466,-1.899701163,1028.523629,1031.0812,0.401432745,0.003096388,0,12,242,242,1,,,,,,,
smallsat00,1.142880341,-1.927095171,1029.452922,1032.024196,0.515033445,0.242483277,0,13,243,243,1,,,,,,,
smallsat00,1.145011073,-1.745979789,1030.245004,1032.80807,0.357498037,0.002665741,0,11,244,244,1,,,,,,,
smallsat00,1.144092123,-1.928292467,1030.589383,1033.16107,0.518241944,0.240879028,0,13,245,245,1,,,,,,,
smallsat00,1.146281324,-1.731039404,1031.800355,1034.371377,0.422736026,0.002792033,0,12,246,246,1,,,,,,,
smallsat00,1.147069218,-1.707550152,1033.301457,1035.887485,0.518223091,0.001730543,0,13,247,247,1,,,,,,,
smallsat01,0.741510411,1.351357529,1033.638084,1036.221157,0.254863577,0.15389377,1,10,248,248,1,,,,,,,
smallsat00,1.149718139,-1.762678889,1034.154906,1036.71086,0.278166342,0.004946726,0,10,249,249,1,,,,,,,
smallsat00,1.148926894,-1.723356744,1034.435421,1037.010941,0.453596256,0.002206925,0,12,250,250,1,,,,,,,
smallsat00,1.149966028,-1.742408269,1034.828917,1037.393798,0.3712394,0.3143803,0,11,251,251,1,,,,,,,
smallsat00,1.15036885,-1.750665247,1034.994717,1037.55567,0.333881845,0.333059077,0,11,252,252,1,,,,,,,
smallsat00,1.150293766,-1.745874667,1035.039597,1037.602782,0.355611625,0.009714799,0,11,253,253,1,,,,,,,
smallsat00,1.150154873,-1.739840191,1035.066981,1037.633167,0.382522362,0.308738819,0,11,254,254,1,,,,,,,
smallsat00,1.150731495,-1.7215046,1036.131125,1038.707704,0.460141338,0.00187097,0,12,255,255,1,,,,,,,
smallsat00,1.15129761,-1.733874255,1036.266957,1038.836311,0.407947368,0.007133247,0,12,256,256,1,,,,,,,
smallsat00,1.153844324,-1.751092853,1038.138028,1040.698856,0.330672746,0.334663627,0,11,257,257,1,,,,,,,
smallsat00,1.158230145,-1.803052387,1041.396586,1043.942257,0.080093294,0.004325401,0,8,258,258,1,,,,,,,
smallsat00,1.157527423,-1.707641048,1042.771742,1045.356989,0.510426011,0.002485567,0,13,259,259,1,,,,,,,
smallsat00,1.158501875,-1.702240965,1043.858776,1046.4477,0.530090692,0.003723561,0,13,260,260,1,,,,,,,
smallsat00,1.160607789,-1.760764508,1044.072393,1046.629431,0.28407842,0.002863209,0,10,261,261,1,,,,,,,
smallsat00,1.164281952,-1.79881759,1046.913575,1049.460323,0.101506886,0.01174061,0,8,262,262,1,,,,,,,
smallsat00,1.176606437,-1.716138062,1059.757493,1062.336193,0.464201252,0.003344277,0,12,263,263,1,,,,,,,
smallsat00,1.2061021,-1.919044054,1086.199264,1088.760659,0.408006549,0.007099975,0,12,264,264,1,,,,,,,
smallsat00,1.207663594,-1.844484566,1086.281349,1088.827664,0.098813729,0.003519433,0,8,265,265,1,,,,,,,
smallsat00,1.208720024,-1.889168066,1087.833463,1090.38588,0.288293903,0.002956664,0,10,266,266,1,,,,,,,
smallsat00,1.211821021,-1.846780704,1090.06755,1092.614138,0.106673564,0.446663218,0,8,267,267,1,,,,,,,
smallsat00,1.21182294,-1.851188184,1090.103949,1092.650787,0.125727742,0.437136129,0,8,268,268,1,,,,,,,
smallsat00,1.211907624,-1.852756571,1090.194445,1092.741396,0.132401597,0.016314899,0,9,269,269,1,,,,,,,
smallsat00,1.212324373,-1.821445155,1090.436778,1092.98355,0.006330025,0.496834987,0,7,270,270,1,,,,,,,
smallsat00,1.213409811,-1.866043396,1091.700793,1094.24921,0.188122893,0.00660029,0,9,271,271,1,,,,,,,
smallsat00,1.217166144,-1.818464936,1094.833455,1097.380739,0.019099568,0.005412282,0,7,272,272,1,,,,,,,
smallsat00,1.217870698,-1.803307222,1095.526096,1098.074926,0.084855374,0.003713047,0,8,273,273,1,,,,,,,
smallsat00,1.217533448,-1.896554754,1095.958454,1098.512502,0.308813859,0.002834554,0,11,274,274,1,,,,,,,
smallsat00,1.221344794,-1.892704505,1099.325296,1101.878488,0.289777154,0.004016547,0,10,275,275,1,,,,,,,
smallsat00,1.221933423,-1.870574812,1099.483269,1102.032482,0.200239684,0.00680596,0,9,276,276,1,,,,,,,
smallsat00,1.220484573,-1.960067582,1100.563588,1103.14115,0.530694958,0.002427715,0,13,277,277,1,,,,,,,
smallsat00,1.226202883,-1.858642677,1103.210445,1105.758333,0.14789363,0.002927269,0,9,278,278,1,,,,,,,
smallsat00,1.236403686,-1.891461516,1112.925519,1115.478167,0.269941896,0.002900034,0,10,279,279,1,,,,,,,
smallsat00,1.237044484,-1.958532128,1115.387896,1117.961717,0.502505379,0.002464588,0,13,280,280,1,,,,,,,
smallsat00,1.241908001,-1.847104532,1117.358412,1119.906285,0.09281912,0.009313421,0,8,281,281,1,,,,,,,
smallsat00,1.268508355,-1.723986476,1142.778784,1145.348764,0.364442161,0.002803869,0,11,1,282,1,,,,,,,
smallsat01,0.432232884,1.317585355,1313.291385,1315.864262,0.166925407,0.416537296,1,9,282,283,1,,,,,,,
smallsat01,0.389991203,1.340204124,1351.186227,1353.777984,0.435634138,0.282182931,1,12,5,284,1,,,,,,,
smallsat01,0.389693799,1.340152113,1351.455192,1354.046919,0.435334188,0.282332906,1,12,6,285,1,,,,,,,
smallsat01,0.388412902,1.337865034,1352.640287,1355.229649,0.414367535,0.293968796,1,12,7,286,1,,,,,,,
smallsat01,0.38789227,1.33743481,1353.115299,1355.704256,0.410645135,0.295837322,1,12,8,287,1,,,,,,,
smallsat01,0.384938126,1.33776363,1355.775898,1358.365461,0.416125907,0.293086149,1,12,9,288,1,,,,,,,
smallsat04,0.49810969,-1.862957166,1581.272479,1583.846224,0.053331147,0.003325332,4,8,283,289,1,,,,,,,
smallsat04,0.511854158,-1.881937621,1593.778864,1596.359803,0.242513563,0.003712189,4,10,284,290,1,,,,,,,
smallsat04,0.539613393,-1.865351181,1618.764628,1621.344525,0.045827439,0.005752706,4,8,285,291,1,,,,,,,
smallsat04,0.578682222,-1.870805388,1654.085225,1656.671252,0.074809671,0.003403775,4,8,286,292,1,,,,,,,
smallsat00,1.241992702,1.361360831,1713.594481,1716.139949,0.341231861,0.32938407,0,11,21,293,1,,,,,,,
smallsat00,1.241953432,1.361690698,1713.621857,1716.167416,0.342460441,0.32876978,0,11,22,294,1,,,,,,,
smallsat00,1.238771871,1.366946757,1716.359961,1718.907042,0.365097706,0.317451147,0,11,26,295,1,,,,,,,
smallsat04,0.71411307,-1.909747488,1776.957167,1779.57504,0.337858161,0.002792914,4,11,287,296,1,,,,,,,
smallsat00,1.165684289,1.206233698,1783.229459,1785.773438,0.298136261,0.350931869,0,10,288,297,1,,,,,,,
smallsat00,1.165620584,1.217464543,1783.498691,1786.038575,0.246720642,0.376639679,0,10,289,298,1,,,,,,,
smallsat00,1.162425934,1.21119916,1786.282755,1788.82466,0.276570459,0.361714771,0,10,290,299,1,,,,,,,
smallsat04,0.765457515,-1.930179272,1823.848155,1826.485355,0.454735063,0.001928602,4,12,291,300,1,,,,,,,
smallsat04,0.775316793,-1.925897875,1832.676237,1835.310471,0.414637215,0.30889018,4,12,292,301,1,,,,,,,
smallsat04,0.776041977,-1.929121672,1833.406005,1836.042879,0.437829206,0.281085397,4,12,293,302,1,,,,,,,
smallsat04,0.777793066,-1.926576424,1834.933532,1837.568555,0.417546077,0.02273851,4,12,294,303,1,,,,,,,
smallsat04,0.836809105,-1.857909796,1888.047513,1890.680597,0.189169688,0.405415156,4,9,45,304,1,,,,,,,
smallsat04,0.836809105,-1.857902814,1888.047584,1890.680671,0.189226248,0.405386876,4,9,44,305,1,,,,,,,
smallsat04,0.837777205,-1.857284845,1888.933474,1891.567011,0.194578483,0.021856187,4,9,46,306,1,,,,,,,
smallsat04,0.874300872,-1.849139987,1922.234392,1924.878631,0.267316274,0.007426238,4,10,47,307,1,,,,,,,
smallsat04,0.885352157,-1.83010499,1932.655323,1935.314878,0.403660107,0.004252301,4,12,48,308,1,,,,,,,
smallsat04,0.894808334,-1.865138687,1940.692984,1943.333434,0.151274257,0.011082095,4,9,49,309,1,,,,,,,
smallsat04,0.905280466,-1.822014656,1950.999457,1953.669246,0.455180703,0.004955858,4,12,51,310,1,,,,,,,
smallsat04,0.906150304,-1.818271099,1951.897877,1954.571351,0.47819914,0.002686753,4,12,53,311,1,,,,,,,
smallsat04,0.934126413,-1.963606499,1977.604498,1980.276201,0.51687232,0.001943784,4,13,295,312,1,,,,,,,
smallsat04,0.938411633,-1.835413688,1980.825435,1983.48924,0.367968805,0.002774196,4,11,62,313,1,,,,,,,
smallsat04,0.943726632,-1.86962942,1985.148858,1987.796198,0.132823634,0.003589821,4,9,67,314,1,,,,,,,
smallsat04,0.943968604,-1.851248921,1985.583732,1988.238618,0.26264442,0.003072806,4,10,66,315,1,,,,,,,
smallsat04,0.951933519,-1.843029991,1992.978013,1995.638864,0.318340916,0.010370761,4,11,77,316,1,,,,,,,
smallsat04,0.952373883,-1.91716032,1993.119678,1995.767248,0.206060417,0.009179265,4,9,296,317,1,,,,,,,
smallsat04,0.954799716,-1.877737923,1995.173595,1997.820712,0.078084427,0.019284937,4,8,81,318,1,,,,,,,
smallsat04,0.955583875,-1.863884372,1995.991157,1998.642337,0.177144591,0.007616898,4,9,82,319,1,,,,,,,
smallsat04,0.957200538,-1.914531523,1997.474814,2000.122463,0.184476888,0.011861784,4,9,297,320,1,,,,,,,
smallsat04,0.958682009,-1.815706024,1999.810988,2002.493847,0.484581276,0.004160632,4,13,84,321,1,,,,,,,
smallsat04,0.959226744,-1.959113899,2000.220494,2002.88911,0.467498644,0.004241906,4,12,298,322,1,,,,,,,
smallsat04,0.961560982,-1.838834691,2001.829335,2004.494318,0.345314909,0.002851808,4,11,88,323,1,,,,,,,
smallsat04,0.963212849,-1.876307346,2002.835697,2005.48449,0.091200702,0.007219502,4,8,89,324,1,,,,,,,
smallsat04,0.963737756,-1.887482951,2003.279665,2005.926648,0.013134431,0.006217911,4,7,90,325,1,,,,,,,
smallsat04,0.965190202,-1.836133096,2005.19329,2007.860627,0.362191806,0.003430132,4,11,91,326,1,,,,,,,
smallsat04,0.96546181,-1.824879631,2005.719502,2008.39527,0.430411045,0.024615166,4,12,92,327,1,,,,,,,
smallsat04,0.967627816,-1.882104771,2006.828739,2009.477052,0.051681044,0.474159478,4,8,97,328,1,,,,,,,
smallsat04,0.967657487,-1.881734238,2006.856888,2009.505268,0.054321163,0.472839419,4,8,98,329,1,,,,,,,
smallsat04,0.967036987,-1.819934922,2007.293822,2009.973933,0.458846672,0.002117172,4,12,95,330,1,,,,,,,
smallsat04,0.969725492,-1.844558481,2009.149692,2011.812376,0.308614785,0.003047396,4,11,99,331,1,,,,,,,
smallsat04,0.970203852,-1.928868041,2009.486303,2012.139435,0.271389415,0.00306405,4,10,299,332,1,,,,,,,
smallsat04,0.971604025,-1.835990589,2011.037943,2013.70631,0.362602512,0.004491953,4,11,100,333,1,,,,,,,
smallsat04,0.973492541,-1.853303435,2012.430742,2015.089364,0.252037727,0.00945175,4,10,103,334,1,,,,,,,
smallsat04,0.974183116,-1.891493316,2012.781998,2015.430363,0.01675484,0.017825251,4,7,300,335,1,,,,,,,
smallsat04,0.974437358,-1.893065771,2013.014968,2015.663263,0.029836834,0.026760657,4,7,301,336,1,,,,,,,
smallsat04,0.974543334,-1.863486297,2013.253763,2015.908186,0.183986719,0.003282821,4,9,105,337,1,,,,,,,
smallsat04,0.976087985,-1.880207948,2014.53401,2017.184016,0.06838981,0.01341146,4,8,106,338,1,,,,,,,
smallsat04,0.980050965,-1.888530218,2018.120665,2020.770138,0.013008121,0.014043578,4,7,109,339,1,,,,,,,
smallsat04,0.984448252,-1.909886591,2022.199711,2024.850109,0.133606315,0.006006996,4,9,302,340,1,,,,,,,
smallsat04,0.985781143,-1.928958414,2023.640035,2026.294837,0.259390074,0.002874801,4,10,303,341,1,,,,,,,
smallsat04,0.988110878,-1.89232343,2025.454537,2028.104978,0.011235356,0.012161146,4,7,116,342,1,,,,,,,
smallsat04,0.988231725,-1.820651118,2026.580902,2029.263014,0.450354295,0.001920096,4,12,115,343,1,,,,,,,
smallsat04,0.990194155,-1.838128984,2027.923945,2030.593602,0.347996047,0.002305269,4,11,117,344,1,,,,,,,
smallsat04,0.993104858,-1.882720541,2030.012693,2032.665004,0.058166918,0.00383483,4,8,126,345,1,,,,,,,
smallsat04,0.99608047,-1.802979659,2034.310965,2037.009936,0.541602722,0.004458372,4,13,127,346,1,,,,,,,
smallsat04,1.002979809,-1.862748023,2039.156751,2041.815972,0.192923016,0.403538492,4,9,129,347,1,,,,,,,
smallsat04,1.00440138,-1.856113154,2040.539133,2043.201297,0.235749003,0.382125498,4,10,130,348,1,,,,,,,
smallsat04,1.005738826,-1.854597684,2041.780063,2044.443072,0.245485363,0.377257319,4,10,131,349,1,,,,,,,
smallsat00,0.879827754,1.202422772,2042.096526,2044.616793,0.360260992,0.030341755,0,11,304,350,1,,,,,,,
smallsat04,1.006765777,-1.854444619,2042.717888,2045.381152,0.246478777,0.376760611,4,10,132,351,1,,,,,,,
smallsat04,1.007164044,-1.855321333,2043.067454,2045.730387,0.240928634,0.029228043,4,10,133,352,1,,,,,,,
smallsat04,1.016617445,-1.822952107,2052.379289,2055.062918,0.430919008,0.003129756,4,12,135,353,1,,,,,,,
smallsat04,1.020879592,-1.835718807,2055.936599,2058.611964,0.358565809,0.005031624,4,11,137,354,1,,,,,,,
smallsat04,1.023266242,-1.949597404,2058.09347,2060.759763,0.352915516,0.028750611,4,11,305,355,1,,,,,,,
smallsat04,1.023478649,-1.944042004,2058.166914,2060.830844,0.320536306,0.003297664,4,11,306,356,1,,,,,,,
smallsat04,1.02458695,-1.940815064,2059.110387,2061.77309,0.300543298,0.175534022,4,10,307,357,1,,,,,,,
smallsat04,1.024321416,-1.81257897,2059.713919,2062.406616,0.483330468,0.002630537,4,13,139,358,1,,,,,,,
smallsat04,1.028662818,-1.888286675,2062.371361,2065.028321,0.033659742,0.003577714,4,7,141,359,1,,,,,,,
smallsat04,1.031431399,-1.861407331,2065.092561,2067.756666,0.204463994,0.004326655,4,9,144,360,1,,,,,,,
smallsat04,1.030723458,-1.808102061,2065.696882,2068.393965,0.503532748,0.003291247,4,13,142,361,1,,,,,,,
smallsat04,1.032366878,-1.842003702,2066.268465,2068.941666,0.320733678,0.010049519,4,11,145,362,1,,,,,,,
smallsat04,1.033575955,-1.836908074,2067.480263,2070.156553,0.349734303,0.325132848,4,11,147,363,1,,,,,,,
smallsat04,1.033578398,-1.836898998,2067.482695,2070.15899,0.349785203,0.325107399,4,11,148,364,1,,,,,,,
smallsat04,1.033817159,-1.831074137,2067.838604,2070.518572,0.382315154,0.308842423,4,11,149,365,1,,,,,,,
smallsat04,1.034891584,-1.864993738,2068.202003,2070.865359,0.182612897,0.408693551,4,9,150,366,1,,,,,,,
smallsat04,1.033642277,-1.812691351,2068.20456,2070.898025,0.479543452,0.002044874,4,12,146,367,1,,,,,,,
smallsat04,1.035723408,-1.875785458,2068.859788,2071.520096,0.115262787,0.442368607,4,8,151,368,1,,,,,,,
smallsat04,1.035798457,-1.884467947,2068.881038,2071.539601,0.06022506,0.46988747,4,8,152,369,1,,,,,,,
smallsat04,1.036150664,-1.881300349,2069.215596,2071.874774,0.080604301,0.459697849,4,8,153,370,1,,,,,,,
smallsat04,1.04398145,-1.909911235,2076.362852,2079.021308,0.098219536,0.011306523,4,8,308,371,1,,,,,,,
smallsat04,1.044823467,-1.857046573,2077.356544,2080.024301,0.23199739,0.013650734,4,10,157,372,1,,,,,,,
smallsat04,1.045401189,-1.818033124,2078.755178,2081.44555,0.448373696,0.010373149,4,12,158,373,1,,,,,,,
smallsat04,1.051692943,-1.829168516,2084.180187,2086.863476,0.388441036,0.003378863,4,11,160,374,1,,,,,,,
smallsat04,1.054174557,-1.799795672,2087.363387,2090.069398,0.533183254,0.00752353,4,13,161,375,1,,,,,,,
smallsat04,1.055292423,-1.814251571,2087.886811,2090.58095,0.463832007,0.002589155,4,12,162,376,1,,,,,,,
smallsat04,1.056845068,-1.928817723,2088.249299,2090.911963,0.203530657,0.006085557,4,9,309,377,1,,,,,,,
smallsat04,1.061421758,-1.823474118,2093.200722,2095.888816,0.41534449,0.003675729,4,12,165,378,1,,,,,,,
smallsat04,1.061673731,-1.812854034,2093.747384,2096.443124,0.468202752,0.010279286,4,12,166,379,1,,,,,,,
smallsat04,1.063518474,-1.925192849,2094.277432,2096.940111,0.177328504,0.006039506,4,9,310,380,1,,,,,,,
smallsat04,1.07135762,-1.934661121,2101.532663,2104.1981,0.226427736,0.003524395,4,10,311,381,1,,,,,,,
smallsat04,1.070593742,-1.822406081,2101.59173,2104.281431,0.417657986,0.005450915,4,12,172,382,1,,,,,,,
smallsat04,1.073492717,-1.7955862,2105.125034,2107.835842,0.542471534,0.003669836,4,13,173,383,1,,,,,,,
smallsat00,0.809578252,1.302051977,2105.293818,2107.808765,0.457860592,0.350950149,0,12,179,384,1,,,,,,,
smallsat04,1.075377114,-1.837589712,2105.569972,2108.251047,0.337834224,0.00471771,4,11,174,385,1,,,,,,,
smallsat04,1.076282748,-1.919153155,2105.835786,2108.499284,0.133520303,0.02499043,4,9,312,386,1,,,,,,,
smallsat04,1.07850038,-1.883319346,2107.793369,2110.458523,0.079334814,0.003069805,4,8,177,387,1,,,,,,,
smallsat04,1.076691085,-1.801161602,2107.832081,2110.538112,0.51610593,0.002449149,4,13,175,388,1,,,,,,,
smallsat04,1.080465394,-1.834088477,2110.28963,2112.973196,0.355088868,0.002584159,4,11,178,389,1,,,,,,,
smallsat04,1.082208228,-1.92985951,2111.341308,2114.006944,0.190940783,0.002759701,4,9,313,390,1,,,,,,,
smallsat04,1.083705982,-1.795852904,2114.421082,2117.13186,0.535886533,0.00197898,4,13,181,391,1,,,,,,,
smallsat04,1.087732439,-1.879319627,2116.232151,2118.899356,0.104703348,0.004013018,4,8,186,392,1,,,,,,,
smallsat04,1.087344941,-1.8107695,2117.213429,2119.912642,0.467138695,0.00505863,4,12,183,393,1,,,,,,,
smallsat04,1.088629975,-1.849876516,2117.408811,2120.085541,0.269619477,0.006676895,4,10,187,394,1,,,,,,,
smallsat04,1.08728841,-1.796216508,2117.671541,2120.382137,0.532353586,0.003908433,4,13,184,395,1,,,,,,,
smallsat04,1.091249976,-1.864102538,2119.584313,2122.25605,0.191411595,0.008320914,4,9,193,396,1,,,,,,,
smallsat04,1.089970405,-1.804867756,2119.803345,2122.507126,0.492809559,0.002766555,4,13,190,397,1,,,,,,,
smallsat04,1.090883945,-1.80028241,2120.797707,2123.505119,0.512705147,0.005080699,4,13,191,398,1,,,,,,,
smallsat04,1.095316855,-1.791744102,2125.158449,2127.873043,0.546799421,0.00288296,4,13,194,399,1,,,,,,,
smallsat04,1.097608332,-1.893040376,2125.176588,2127.843077,0.034645574,0.016611819,4,7,196,400,1,,,,,,,
smallsat04,1.097478375,-1.820707457,2126.149656,2128.842887,0.415955623,0.002330142,4,12,195,401,1,,,,,,,
smallsat04,1.100130141,-1.974723269,2128.540682,2131.222449,0.409718591,0.003347092,4,12,314,402,1,,,,,,,
smallsat04,1.100673392,-1.838450474,2128.6172,2131.300692,0.327207783,0.005143945,4,11,197,403,1,,,,,,,
smallsat04,1.103394587,-1.851557984,2130.844031,2133.521957,0.258685778,0.003671976,4,10,198,404,1,,,,,,,
smallsat04,1.10453249,-1.88017339,2131.543382,2134.212791,0.102835703,0.448582149,4,8,201,405,1,,,,,,,
smallsat04,1.104607591,-1.866654122,2131.734634,2134.407405,0.177463781,0.003162378,4,9,200,406,1,,,,,,,
smallsat04,1.104565407,-1.959140498,2132.181571,2134.857081,0.329000558,0.00235655,4,11,315,407,1,,,,,,,
smallsat04,1.105340246,-1.894672015,2132.221881,2134.889241,0.022672466,0.007475904,4,7,202,408,1,,,,,,,
smallsat04,1.108119805,-1.893336803,2134.757899,2137.425783,0.030021082,0.005247263,4,7,204,409,1,,,,,,,
smallsat04,1.111069743,-1.862066332,2137.685026,2140.3601,0.202183345,0.002945273,4,9,206,410,1,,,,,,,
smallsat04,1.111685861,-1.872535532,2138.128023,2140.800209,0.145677261,0.016950617,4,9,207,411,1,,,,,,,
smallsat04,1.112206685,-1.93549106,2138.718042,2141.387953,0.199879939,0.00424277,4,9,316,412,1,,,,,,,
smallsat04,1.112426649,-1.921072022,2138.766577,2141.434655,0.121919383,0.003934387,4,8,209,413,1,,,,,,,
smallsat04,1.11512875,-1.904621561,2141.14722,2143.81528,0.036111418,0.005368538,4,7,211,414,1,,,,,,,
smallsat04,1.115089742,-1.99058428,2142.598221,2145.288191,0.466105551,0.00181969,4,12,317,415,1,,,,,,,
smallsat04,1.11700374,-1.875933287,2142.947743,2145.619834,0.127689004,0.436155498,4,8,214,416,1,,,,,,,
smallsat04,1.117010721,-1.875944632,2142.954015,2145.626105,0.127628493,0.436185753,4,8,215,417,1,,,,,,,
smallsat04,1.117775699,-1.92884338,2143.710163,2146.379676,0.160440177,0.006401364,4,9,318,418,1,,,,,,,
smallsat04,1.118308077,-1.883845353,2144.082672,2146.753308,0.085003846,0.024428567,4,8,222,419,1,,,,,,,
smallsat04,1.11910084,-1.917591417,2144.821739,2147.490415,0.099117521,0.029025533,4,8,223,420,1,,,,,,,
smallsat04,1.121781684,-1.857940409,2147.513288,2150.191097,0.223072279,0.003419259,4,10,224,421,1,,,,,,,
smallsat04,1.122114623,-1.90959184,2147.528057,2150.196947,0.054085463,0.004166754,4,8,226,422,1,,,,,,,
smallsat04,1.120682981,-2.002292437,2148.073129,2150.769723,0.509560443,0.002908307,4,13,319,423,1,,,,,,,
smallsat04,1.12542827,-1.925912187,2150.651141,2153.321311,0.139781502,0.430109249,4,9,229,424,1,,,,,,,
smallsat04,1.125641252,-1.935971322,2150.955153,2153.626647,0.192369914,0.018843087,4,9,320,425,1,,,,,,,
smallsat04,1.12662574,-1.936847721,2151.862847,2154.534507,0.196208598,0.401895701,4,9,321,426,1,,,,,,,
smallsat04,1.126606594,-1.9424019,2151.92281,2154.595498,0.224741762,0.025245509,4,10,322,427,1,,,,,,,
smallsat04,1.127233813,-1.920554375,2152.252171,2154.92202,0.110253895,0.444873052,4,8,233,428,1,,,,,,,
smallsat04,1.127226029,-1.972813372,2153.100497,2155.782455,0.372882239,0.002288771,4,11,323,429,1,,,,,,,
smallsat04,1.130732657,-1.908230849,2155.378893,2158.048974,0.042906403,0.003236572,4,7,236,430,1,,,,,,,
smallsat04,1.131664209,-1.94918685,2156.63409,2159.30874,0.254864633,0.008262806,4,10,324,431,1,,,,,,,
smallsat04,1.13214695,-1.93377027,2156.852518,2159.524288,0.177307859,0.002978968,4,9,325,432,1,,,,,,,
smallsat04,1.133942841,-1.800979808,2160.011847,2162.720342,0.48522796,0.001834648,4,13,237,433,1,,,,,,,
smallsat04,1.137684216,-1.915698834,2161.745311,2164.416241,0.078963099,0.006353927,4,8,239,434,1,,,,,,,
smallsat04,1.142832466,-1.899701163,2166.400904,2169.072907,0.007798312,0.005132659,4,7,242,435,1,,,,,,,
smallsat04,1.142880341,-1.927095171,2166.561013,2169.233217,0.134809652,0.432595174,4,9,243,436,1,,,,,,,
smallsat04,1.144092123,-1.928292467,2167.675942,2170.348427,0.140173073,0.429913464,4,9,245,437,1,,,,,,,
smallsat04,1.143769167,-1.964840761,2167.948754,2170.628713,0.319284461,0.004777715,4,11,326,438,1,,,,,,,
smallsat04,1.147038064,-1.935240448,2170.431881,2173.105531,0.173144363,0.413427819,4,9,327,439,1,,,,,,,
smallsat04,1.147064244,-1.935868068,2170.463022,2173.136765,0.176263568,0.411868216,4,9,328,440,1,,,,,,,
smallsat04,1.149118322,-1.94026368,2172.388503,2175.063023,0.196892438,0.401553781,4,9,329,441,1,,,,,,,
smallsat04,1.151272302,-1.962813735,2174.729328,2177.409057,0.302719975,0.005259583,4,10,330,442,1,,,,,,,
smallsat04,1.152702495,-1.941501782,2175.668766,2178.343948,0.199965241,0.028103088,4,9,331,443,1,,,,,,,
smallsat04,1.155618102,-1.983721872,2179.180124,2181.867171,0.391751986,0.020917446,4,11,332,444,1,,,,,,,
smallsat04,1.158230145,-1.803052387,2182.074422,2184.782278,0.461566135,0.002531716,4,12,258,445,1,,,,,,,
smallsat04,1.164281952,-1.79881759,2187.731196,2190.441844,0.474315117,0.006869124,4,12,262,446,1,,,,,,,
smallsat00,0.717969986,1.187447323,2188.06415,2190.577471,0.452260672,0.273869664,0,12,333,447,1,,,,,,,
smallsat04,1.168479992,-1.977670484,2190.709026,2193.394395,0.351990094,0.003011518,4,11,334,448,1,,,,,,,
smallsat00,0.713292521,1.183280367,2192.186726,2194.703914,0.482997825,0.047261064,0,13,335,449,1,,,,,,,
smallsat00,0.708649928,1.177977341,2196.239524,2198.76258,0.521177089,0.239411455,0,13,336,450,1,,,,,,,
smallsat04,1.176800116,-1.975426113,2198.21843,2200.903435,0.333722442,0.002377278,4,11,337,451,1,,,,,,,
smallsat04,1.189851305,-2.034877246,2211.957344,2214.667839,0.54549624,0.002247673,4,13,338,452,1,,,,,,,
smallsat04,1.2061021,-1.919044054,2224.147868,2226.827065,0.062000612,0.011249739,4,8,264,453,1,,,,,,,
smallsat04,1.207663594,-1.844484566,2226.100467,2228.79206,0.264554065,0.002872162,4,10,265,454,1,,,,,,,
smallsat04,1.208720024,-1.889168066,2226.547105,2229.228539,0.071976752,0.003855318,4,8,266,455,1,,,,,,,
smallsat04,1.21182294,-1.851188184,2229.780727,2232.470563,0.235231331,0.382384334,4,10,268,456,1,,,,,,,
smallsat04,1.211907624,-1.852756571,2229.832921,2232.52231,0.228652254,0.014504937,4,10,269,457,1,,,,,,,
smallsat04,1.211821021,-1.846780704,2229.853455,2232.544627,0.253492559,0.37325372,4,10,267,458,1,,,,,,,
smallsat04,1.212324373,-1.821445155,2230.853398,2233.553935,0.354584119,0.32270794,4,11,270,459,1,,,,,,,
smallsat04,1.213409811,-1.866043396,2231.021115,2233.707299,0.172217776,0.006729594,4,9,271,460,1,,,,,,,
smallsat04,1.217533448,-1.896554754,2234.564445,2237.246082,0.040887095,0.003933322,4,7,274,461,1,,,,,,,
smallsat04,1.217166144,-1.818464936,2235.344414,2238.046407,0.363084776,0.003514286,4,11,272,462,1,,,,,,,
smallsat04,1.217870698,-1.803307222,2236.41183,2239.120767,0.418644418,0.002358753,4,12,273,463,1,,,,,,,
smallsat04,1.220484573,-1.960067582,2237.670222,2240.354314,0.227778868,0.0039947,4,10,277,464,1,,,,,,,
smallsat04,1.221344794,-1.892704505,2238.056674,2240.739204,0.05876209,0.005323014,4,8,275,465,1,,,,,,,
smallsat04,1.221933423,-1.870574812,2238.752621,2241.438729,0.151806955,0.007218123,4,9,276,466,1,,,,,,,
smallsat04,1.226202883,-1.858642677,2242.795128,2245.484311,0.200207651,0.002747553,4,9,278,467,1,,,,,,,
smallsat04,1.236403686,-1.891461516,2251.811017,2254.495371,0.064783977,0.00371499,4,8,279,468,1,,,,,,,
smallsat04,1.237044484,-1.958532128,2252.730739,2255.415897,0.207462045,0.003926233,4,9,280,469,1,,,,,,,
smallsat04,1.241908001,-1.847104532,2257.308505,2260.002101,0.240235294,0.007799998,4,10,281,470,1,,,,,,,
smallsat00,0.416281098,1.195383335,2460.027331,2462.49095,0.265643396,0.367178302,0,10,339,471,1,,,,,,,
smallsat00,0.415985788,1.194788003,2460.28778,2462.751811,0.271774865,0.364112567,0,10,340,472,1,,,,,,,
smallsat00,0.414235747,1.196146393,2461.871927,2464.334944,0.256230566,0.371884717,0,10,341,473,1,,,,,,,
smallsat03,0.628636024,-2.002503622,2837.339811,2839.90477,0.489082226,0.016975637,3,13,342,474,1,,,,,,,
smallsat03,0.644718255,-1.945784296,2851.285905,2853.826069,0.05205483,0.003815479,3,8,343,475,1,,,,,,,
smallsat03,0.64672233,-1.94248688,2853.105717,2855.646895,0.08585296,0.45707352,3,8,344,476,1,,,,,,,
smallsat03,0.652145312,-1.932545869,2858.063806,2860.609267,0.186131231,0.003765228,3,9,345,477,1,,,,,,,
smallsat03,0.680423887,-1.974440072,2883.629992,2886.175127,0.202768307,0.014450929,3,9,346,478,1,,,,,,,
smallsat04,1.208235591,1.131737111,2888.524601,2891.236614,0.244456708,0.377771646,4,10,347,479,1,,,,,,,
smallsat03,0.70439094,-1.952885814,2905.190372,2907.734645,0.019940269,0.036348416,3,7,348,480,1,,,,,,,
smallsat03,0.712982742,-1.983759083,2913.130968,2915.681323,0.261820235,0.003766931,3,10,349,481,1,,,,,,,
smallsat03,0.714363053,-1.977589413,2914.309432,2916.85717,0.20553193,0.020560569,3,9,350,482,1,,,,,,,
smallsat03,0.71411307,-1.909747488,2914.436304,2917.005536,0.409118986,0.002492336,3,12,287,483,1,,,,,,,
smallsat03,0.7184562,-1.974179162,2917.976328,2920.523312,0.171330422,0.007845015,3,9,351,484,1,,,,,,,
smallsat03,0.722748121,-1.969276812,2921.819877,2924.36593,0.123234618,0.199371262,3,8,352,485,1,,,,,,,
smallsat04,1.165620584,1.217464543,2927.763961,2930.463711,0.159036355,0.420481823,4,9,289,486,1,,,,,,,
smallsat04,1.165684289,1.206233698,2927.805923,2930.504792,0.104513568,0.447743216,4,8,288,487,1,,,,,,,
smallsat04,1.162425934,1.21119916,2930.740218,2933.439275,0.130733618,0.434633191,4,8,290,488,1,,,,,,,
smallsat03,0.735152805,-1.94286052,2933.038325,2935.587856,0.129940156,0.008160001,3,8,353,489,1,,,,,,,
smallsat03,0.746635483,-1.970017844,2943.410724,2945.95857,0.112923813,0.005892551,3,8,354,490,1,,,,,,,
smallsat03,0.765457515,-1.930179272,2960.580174,2963.138814,0.254063313,0.002638378,3,10,291,491,1,,,,,,,
smallsat03,0.775316793,-1.925897875,2969.565932,2972.128327,0.292707747,0.37323116,3,10,292,492,1,,,,,,,
smallsat03,0.776041977,-1.929121672,2970.176534,2972.736915,0.266325282,0.366837359,3,10,293,493,1,,,,,,,
smallsat03,0.777793066,-1.926576424,2971.798119,2974.360315,0.287804263,0.027803521,3,10,294,494,1,,,,,,,
smallsat03,0.814145464,-1.949995287,3004.475083,3007.029936,0.105798515,0.003608103,3,8,355,495,1,,,,,,,
smallsat03,0.832106229,-1.993729607,3020.903288,3023.462072,0.25097287,0.040973031,3,10,356,496,1,,,,,,,
smallsat03,0.835254715,-1.99176887,3023.724653,3026.282858,0.233001446,0.383744717,3,10,357,497,1,,,,,,,
smallsat03,0.837755597,-1.991924379,3025.988149,3028.546495,0.23228363,0.383858185,3,10,358,498,1,,,,,,,
smallsat03,0.838212001,-1.992267859,3026.40521,3028.963694,0.234727087,0.382636456,3,10,359,499,1,,,,,,,
smallsat03,0.840642198,-2.030319004,3029.403042,3031.985738,0.506139719,0.24693014,3,13,360,500,1,,,,,,,
smallsat03,0.842720187,-2.033736184,3031.382414,3033.968379,0.525781067,0.237109466,3,13,361,501,1,,,,,,,
smallsat03,0.844938884,-2.01260098,3032.83372,3035.40238,0.382571535,0.003371365,3,11,362,502,1,,,,,,,
smallsat03,0.934126413,-1.963606499,3113.099876,3115.662383,0.048086341,0.003829866,3,8,295,503,1,,,,,,,
smallsat03,0.952373883,-1.91716032,3130.247417,3132.831782,0.374633389,0.00723028,3,11,296,504,1,,,,,,,
smallsat03,0.957200538,-1.914531523,3134.689478,3137.276058,0.390611879,0.00886355,3,11,297,505,1,,,,,,,
smallsat03,0.959226744,-1.959113899,3135.872792,3138.438237,0.090384485,0.007245997,3,8,298,506,1,,,,,,,
smallsat03,0.96353083,-1.975749068,3139.744224,3142.307848,0.026888299,0.004480531,3,7,363,507,1,,,,,,,
smallsat03,0.965285096,-2.003173567,3141.534372,3144.101373,0.217985853,0.03092892,3,9,364,508,1,,,,,,,
smallsat03,0.970203852,-1.928868041,3146.186464,3148.764691,0.299398704,0.002946262,3,10,299,509,1,,,,,,,
smallsat03,0.974183116,-1.891493316,3150.773982,3153.38097,0.519548777,0.0087101,3,13,300,510,1,,,,,,,
smallsat03,0.974437358,-1.893065771,3150.951861,3153.557348,0.51107865,0.013486244,3,13,301,511,1,,,,,,,
smallsat03,0.976079137,-2.013946332,3151.469232,3154.03996,0.280926277,0.006081446,3,10,365,512,1,,,,,,,
smallsat03,0.979747854,-1.987330061,3154.485317,3157.050342,0.099265345,0.003038478,3,8,366,513,1,,,,,,,
smallsat03,0.980050965,-1.888530218,3156.20326,3158.813256,0.533302308,0.006640486,3,13,109,514,1,,,,,,,
smallsat03,0.984448252,-1.909886591,3159.537941,3162.129548,0.414863926,0.004056943,3,12,302,515,1,,,,,,,
smallsat03,0.985781143,-1.928958414,3160.321443,3162.900747,0.2988723,0.002721544,3,10,303,516,1,,,,,,,
smallsat03,0.986129859,-1.999063212,3160.364811,3162.931659,0.175014049,0.003398942,3,9,367,517,1,,,,,,,
smallsat03,0.988110878,-1.89232343,3163.389412,3165.995913,0.511077347,0.006013423,3,13,116,518,1,,,,,,,
smallsat04,0.879827754,1.202422772,3188.274049,3190.953096,0.282815309,0.034014875,4,10,304,519,1,,,,,,,
smallsat03,1.023266242,-1.949597404,3194.045309,3196.618518,0.17024574,0.036866812,3,9,305,520,1,,,,,,,
smallsat03,1.023478649,-1.944042004,3194.302637,3196.877804,0.205255659,0.003857159,3,9,306,521,1,,,,,,,
smallsat03,1.02458695,-1.940815064,3195.351918,3197.928365,0.225407034,0.194390043,3,10,307,522,1,,,,,,,
smallsat03,1.028662818,-1.888286675,3200.34269,3202.953246,0.517489836,0.001786413,3,13,141,523,1,,,,,,,
smallsat03,1.035798457,-1.884467947,3206.957277,3209.571207,0.532934495,0.233532753,3,13,152,524,1,,,,,,,
smallsat03,1.04398145,-1.909911235,3213.586756,3216.180852,0.401730984,0.007501097,3,12,308,525,1,,,,,,,
smallsat03,1.050650511,-2.01468609,3219.015038,3221.587899,0.225987001,0.387316105,3,10,368,526,1,,,,,,,
smallsat03,1.052778067,-2.009910171,3220.879269,3223.45107,0.196096608,0.401951696,3,9,369,527,1,,,,,,,
smallsat03,1.053376191,-2.01164049,3221.443249,3224.015495,0.205906318,0.014644146,3,9,370,528,1,,,,,,,
smallsat03,1.056845068,-1.928817723,3224.83867,3227.422528,0.295284917,0.005384493,3,10,309,529,1,,,,,,,
smallsat03,1.058709725,-2.051088492,3227.080263,3229.667104,0.419822379,0.010842166,3,12,371,530,1,,,,,,,
smallsat03,1.063518474,-1.925192849,3230.970275,3233.556258,0.314558366,0.005032056,3,11,310,531,1,,,,,,,
smallsat03,1.063563905,-2.049537889,3231.427856,3234.013641,0.40705946,0.006590534,3,12,372,532,1,,,,,,,
smallsat03,1.066400711,-2.04184254,3233.798162,3236.380238,0.364329211,0.317835394,3,11,373,533,1,,,,,,,
smallsat03,1.066547842,-2.044173951,3233.988122,3236.571281,0.37642206,0.31178897,3,11,374,534,1,,,,,,,
smallsat03,1.070091506,-2.052805913,3237.42132,3240.00845,0.417072804,0.51947149,3,12,375,535,1,,,,,,,
smallsat03,1.07135762,-1.934661121,3237.912987,3240.494974,0.260923495,0.003367233,3,10,311,536,1,,,,,,,
smallsat03,1.076282748,-1.919153155,3242.692352,3245.28206,0.34445521,0.018906786,3,11,312,537,1,,,,,,,
smallsat03,1.07850038,-1.883319346,3245.761601,3248.375644,0.518318343,0.001606087,3,13,177,538,1,,,,,,,
smallsat03,1.082208228,-1.92985951,3247.852508,3250.437169,0.286111765,0.002435073,3,10,313,539,1,,,,,,,
smallsat03,1.084190712,-2.080159761,3251.051269,3253.653493,0.52978343,0.002006728,3,13,376,540,1,,,,,,,
smallsat03,1.087732439,-1.879319627,3254.288274,3256.905273,0.53102238,0.002102114,3,13,186,541,1,,,,,,,
smallsat03,1.096234758,-2.024134692,3260.462657,3263.039414,0.243450797,0.010942475,3,10,377,542,1,,,,,,,
smallsat03,1.097608332,-1.893040376,3262.774933,3265.381225,0.464955667,0.009207043,3,12,196,543,1,,,,,,,
smallsat03,1.100130141,-1.974723269,3263.661573,3266.234828,0.035830716,0.005467161,3,7,314,544,1,,,,,,,
smallsat03,1.100781079,-2.01986134,3264.519428,3267.094908,0.216650664,0.391674668,3,9,378,545,1,,,,,,,
smallsat03,1.101272302,-2.044347664,3265.418195,3268.000638,0.344010424,0.036733011,3,11,379,546,1,,,,,,,
smallsat03,1.102997124,-2.052361116,3267.174051,3269.759793,0.381784812,0.309107594,3,11,380,547,1,,,,,,,
smallsat03,1.102787492,-2.063251884,3267.286228,3269.877014,0.433645152,0.003408323,3,12,381,548,1,,,,,,,
smallsat03,1.104565407,-1.959140498,3267.769149,3270.345315,0.124353539,0.00307527,3,8,315,549,1,,,,,,,
smallsat03,1.103964734,-2.055415268,3268.129737,3270.716639,0.395509833,0.302245084,3,12,382,550,1,,,,,,,
smallsat03,1.104987846,-2.058044432,3269.126607,3271.714741,0.406961363,0.296519319,3,12,383,551,1,,,,,,,
smallsat03,1.10453249,-1.88017339,3269.503164,3272.118765,0.517955875,0.241022063,3,13,201,552,1,,,,,,,
smallsat03,1.105340246,-1.894672015,3269.742611,3272.347708,0.45379655,0.004178092,3,12,202,553,1,,,,,,,
smallsat03,1.106768431,-2.063166275,3270.882873,3273.473262,0.429003048,0.285498476,3,12,384,554,1,,,,,,,
smallsat03,1.106768431,-2.063176747,3270.883181,3273.473574,0.429051406,0.285474297,3,12,385,555,1,,,,,,,
smallsat03,1.108479831,-2.024661083,3271.568423,3274.145051,0.236235178,0.003537759,3,10,386,556,1,,,,,,,
smallsat03,1.108119805,-1.893336803,3272.308282,3274.914241,0.458492623,0.002929374,3,12,204,557,1,,,,,,,
smallsat03,1.112206685,-1.93549106,3275.000708,3277.584499,0.251709848,0.003967933,3,10,316,558,1,,,,,,,
smallsat03,1.112426649,-1.921072022,3275.476792,3278.06677,0.325354127,0.003022863,3,11,209,559,1,,,,,,,
smallsat03,1.113947407,-2.043435119,3276.872354,3279.454418,0.327365448,0.009036397,3,11,387,560,1,,,,,,,
smallsat03,1.115089742,-1.99058428,3277.248195,3279.821488,0.050869087,0.003234955,3,8,317,561,1,,,,,,,
smallsat03,1.11512875,-1.904621561,3278.33688,3280.935669,0.403616297,0.003321658,3,12,211,562,1,,,,,,,
smallsat03,1.116409927,-2.015800745,3278.635883,3281.210978,0.18326843,0.004705463,3,9,388,563,1,,,,,,,
smallsat03,1.115346864,-2.069415077,3278.825896,3281.418849,0.448110114,0.004689592,3,12,389,564,1,,,,,,,
smallsat03,1.117775699,-1.92884338,3280.177515,3282.764187,0.284784584,0.005453279,3,10,318,565,1,,,,,,,
smallsat03,1.11700374,-1.875933287,3280.97774,3283.595987,0.528143044,0.235928478,3,13,214,566,1,,,,,,,
smallsat03,1.117010721,-1.875944632,3280.983645,3283.601883,0.528092376,0.235953812,3,13,215,567,1,,,,,,,
smallsat03,1.118815793,-2.028745276,3281.000829,3283.578528,0.248991239,0.00347667,3,10,390,568,1,,,,,,,
smallsat03,1.11910084,-1.917591417,3281.616628,3284.20849,0.340222543,0.02125737,3,11,223,569,1,,,,,,,
smallsat03,1.118308077,-1.883845353,3281.873338,3284.485623,0.494402466,0.013498443,3,13,222,570,1,,,,,,,
smallsat03,1.120682981,-2.002292437,3282.383384,3284.957269,0.108133983,0.005288765,3,8,319,571,1,,,,,,,
smallsat03,1.122114623,-1.90959184,3284.548353,3287.144426,0.377352065,0.002742764,3,11,226,572,1,,,,,,,
smallsat03,1.123280642,-2.045035009,3285.357894,3287.940259,0.326367533,0.005872503,3,11,391,573,1,,,,,,,
smallsat03,1.12542827,-1.925912187,3287.185833,3289.774076,0.297587562,0.351206219,3,10,229,574,1,,,,,,,
smallsat03,1.125641252,-1.935971322,3287.196808,3289.781063,0.247166767,0.017564603,3,10,320,575,1,,,,,,,
smallsat03,1.126606594,-1.9424019,3287.975802,3290.557831,0.214189521,0.025589132,3,9,322,576,1,,,,,,,
smallsat03,1.12662574,-1.936847721,3288.077,3290.660927,0.242569711,0.378715145,3,10,321,577,1,,,,,,,
smallsat03,1.127226029,-1.972813372,3288.271157,3290.84633,0.054102447,0.003452211,3,8,323,578,1,,,,,,,
smallsat03,1.127233813,-1.920554375,3288.937641,3291.528285,0.323294657,0.338352671,3,11,233,579,1,,,,,,,
smallsat03,1.130732657,-1.908230849,3292.410081,3295.006965,0.380272698,0.002095711,3,11,236,580,1,,,,,,,
smallsat03,1.131664209,-1.94918685,3292.482651,3295.062948,0.179880646,0.009094304,3,9,324,581,1,,,,,,,
smallsat03,1.1313323,-2.056616002,3292.920062,3295.506427,0.373329238,0.008039768,3,11,392,582,1,,,,,,,
smallsat03,1.13214695,-1.93377027,3293.143822,3295.729112,0.25734885,0.00268914,3,10,325,583,1,,,,,,,
smallsat03,1.137684216,-1.915698834,3298.539346,3301.132499,0.342703764,0.004534468,3,11,239,584,1,,,,,,,
smallsat03,1.13842736,-2.062870093,3299.502853,3302.09156,0.394075549,0.019202352,3,12,393,585,1,,,,,,,
smallsat03,1.142880341,-1.927095171,3303.016348,3305.604613,0.287144463,0.356427768,3,10,243,586,1,,,,,,,
smallsat03,1.143769167,-1.964840761,3303.337203,3305.914579,0.098857629,0.006324818,3,8,326,587,1,,,,,,,
smallsat03,1.142832466,-1.899701163,3303.630879,3306.2324,0.412613068,0.003038553,3,12,242,588,1,,,,,,,
smallsat03,1.144092123,-1.928292467,3304.094289,3306.682122,0.281068747,0.359465627,3,10,245,589,1,,,,,,,
smallsat03,1.144385652,-2.056033324,3304.71723,3307.303084,0.357119994,0.003638487,3,11,394,590,1,,,,,,,
smallsat03,1.147038064,-1.935240448,3306.64755,3309.232911,0.246946784,0.376526608,3,10,327,591,1,,,,,,,
smallsat03,1.147064244,-1.935868068,3306.661028,3309.246173,0.243904541,0.37804773,3,10,328,592,1,,,,,,,
smallsat03,1.149118322,-1.94026368,3308.458855,3311.042609,0.222745447,0.388627276,3,10,329,593,1,,,,,,,
smallsat03,1.151272302,-1.962813735,3310.16744,3312.745631,0.110304386,0.006710974,3,8,330,594,1,,,,,,,
smallsat03,1.152702495,-1.941501782,3311.697234,3314.280773,0.215565807,0.027555081,3,9,331,595,1,,,,,,,
smallsat03,1.155618102,-1.983721872,3314.0366,3316.612352,0.00655438,0.034164264,3,7,332,596,1,,,,,,,
smallsat03,1.168479992,-1.977670484,3325.728219,3328.305187,0.040756603,0.004457924,3,7,334,597,1,,,,,,,
smallsat03,1.176800116,-1.975426113,3333.293724,3335.87138,0.051728204,0.003383434,3,8,337,598,1,,,,,,,
smallsat04,0.717969986,1.187447323,3335.528223,3338.189494,0.29449166,0.35275417,4,10,333,599,1,,,,,,,
smallsat04,0.715489524,1.157399036,3338.017161,3340.670653,0.021961898,0.489019051,4,7,395,600,1,,,,,,,
smallsat04,0.715213413,1.151918004,3338.266543,3340.920526,0.030260879,0.484869561,4,7,396,601,1,,,,,,,
smallsat04,0.71516402,1.161519235,3338.304731,3340.958179,0.061007652,0.469496174,4,8,397,602,1,,,,,,,
smallsat04,0.714758231,1.162293114,3338.670846,3341.324282,0.068391378,0.465804311,4,8,398,603,1,,,,,,,
smallsat04,0.714556994,1.164813195,3338.843851,3341.497467,0.092148326,0.453925837,4,8,399,604,1,,,,,,,
smallsat04,0.713292521,1.183280367,3339.830678,3342.489552,0.261898352,0.067472578,4,10,335,605,1,,,,,,,
smallsat04,0.71244183,1.173781744,3340.705521,3343.36067,0.177039127,0.411480437,4,9,400,606,1,,,,,,,
smallsat04,0.712296618,1.174958794,3340.826846,3343.482333,0.18795903,0.406020485,4,9,401,607,1,,,,,,,
smallsat04,0.710749733,1.17596166,3342.221409,3344.877139,0.198502416,0.400748792,4,9,402,608,1,,,,,,,
smallsat04,0.708649928,1.177977341,3344.106782,3346.762974,0.218190986,0.390904507,4,10,336,609,1,,,,,,,
smallsat03,1.189851305,-2.034877246,3345.4896,3348.06956,0.219563446,0.003859519,3,10,338,610,1,,,,,,,
smallsat03,1.19921545,-2.089122306,3355.211034,3357.806261,0.431949745,0.008060065,3,12,403,611,1,,,,,,,
smallsat03,1.2061021,-1.919044054,3360.611344,3363.203782,0.299241044,0.008404436,3,10,264,612,1,,,,,,,
smallsat03,1.208720024,-1.889168066,3363.742182,3366.347209,0.414178571,0.002433697,3,12,266,613,1,,,,,,,
smallsat03,1.213409811,-1.866043396,3368.757903,3371.37482,0.492486229,0.004125918,3,13,271,614,1,,,,,,,
smallsat03,1.217533448,-1.896554754,3371.529838,3374.131078,0.380418774,0.002540903,3,11,274,615,1,,,,,,,
smallsat03,1.220484573,-1.960067582,3373.085133,3375.667088,0.124814585,0.004527334,3,8,277,616,1,,,,,,,
smallsat03,1.221344794,-1.892704505,3375.094528,3377.697351,0.391956325,0.00343869,3,11,275,617,1,,,,,,,
smallsat03,1.221933423,-1.870574812,3376.320106,3378.933661,0.469531383,0.004514288,3,12,276,618,1,,,,,,,
smallsat03,1.226202883,-1.858642677,3380.617328,3383.236978,0.505065089,0.001700266,3,13,278,619,1,,,,,,,
smallsat03,1.237044484,-1.958532128,3388.150928,3390.733766,0.129275079,0.004313571,3,8,280,620,1,,,,,,,
smallsat03,1.236403686,-1.891461516,3388.791568,3391.394161,0.385175374,0.002442288,3,11,279,621,1,,,,,,,
smallsat03,1.241908001,-1.847104532,3395.272253,3397.896216,0.525022741,0.004876275,3,13,281,622,1,,,,,,,
