sat,lat,lon,rise_time,set_time,incidence_angle,reward
smallsat00,0.3188989512888664,-1.7783565363088383,283.5139912951361,285.9983647518351,0.17228278821251675,0.007946361138897101
smallsat00,0.34888403945068636,-1.764055186244949,310.445347922311,312.92888061232793,0.019991543644814938,0.006784925212832397
smallsat00,0.35453984870494387,-1.7940893879719209,315.64075606702727,318.1347576507282,0.3177763511918663,0.023916487048383808
smallsat00,0.41816165524948495,-1.7220536981693657,373.127778956329,375.6514846573114,0.5038507611755537,0.0021493185025875015
smallsat00,0.4188790204786391,-1.7234264170793518,373.75338390560046,376.27523529164824,0.4920765451850047,0.2539617274074977
smallsat00,0.4635835872332496,-1.73080301625632,413.9421771160923,416.4602392681818,0.4435829552375768,0.002240135022213516
smallsat00,0.51404212055925,-1.7636926115461393,459.0882346133707,461.58554534754717,0.1390239857032435,0.003774805838681746
smallsat00,0.7193302255463606,-1.7745352426313514,644.1948822347989,646.7092968937525,0.14542141893063162,0.0031132297708357094
smallsat00,0.7686392501204119,-1.7357063093502876,689.4019544311851,691.9511789234479,0.47837131804648936,0.003972202413075983
smallsat00,0.7759090875070367,-1.7522751388184912,695.6143009179193,698.1484094990524,0.35521212887617304,0.02348188469058753
smallsat00,0.8291383833804545,-1.7703274632443036,743.4908276872471,746.0188698041122,0.22404906964962862,0.02914523424458018
smallsat00,0.8295056006550734,-1.7755819165837732,743.7664301315739,746.2920498853147,0.18159418681671316,0.40920290659164343
smallsat00,0.8297345878529351,-1.7802337426391137,743.9336573723252,746.4574884936121,0.14329738017464314,0.42835130991267845
smallsat00,0.8299586881288912,-1.7699818531458242,744.2371218949802,746.7653887324491,0.227294996940924,0.386352501529538
smallsat00,0.8308549146997902,-1.767271356817477,745.0824550183761,747.6122579554127,0.2490598076735018,0.3754700961632491
smallsat00,0.831048122647986,-1.7848674172702335,745.0912492130788,747.6137577256421,0.10615103833248454,0.44692448083375774
smallsat00,0.8343282944441841,-1.7857023827843876,748.0528982254928,750.575554882359,0.10063702505670366,0.44968148747164816
smallsat00,0.8368091054429689,-1.8579028142150387,751.066916857451,753.6105229272225,0.4668742214070957,0.2665628892964521
smallsat00,0.8368091054429689,-1.8579097955320465,751.0671029273243,753.6107147874849,0.4669207787575721,0.26653961062121395
smallsat00,0.8377772046724663,-1.857284845486785,751.9240078128961,754.4669328688043,0.4619793983885809,0.014599906385528006
smallsat00,0.8743008721709105,-1.8491399872796725,784.690162490579,787.2268179037704,0.37423678404403127,0.006342527369191046
smallsat00,0.8853521573681985,-1.8301049901251094,794.3458078717247,796.8739929609746,0.2271278461557541,0.005511093705012036
smallsat00,0.8948083338022107,-1.8651386874944182,803.5938653808897,806.1413746102415,0.46168117397766134,0.00702900835098235
smallsat00,0.8977628446132795,-1.7445111289074562,806.0993227620266,808.6516749053152,0.4207111695785634,0.009958554283774916
smallsat00,0.9052804663938094,-1.8220146560038295,812.2717372417543,814.7990354607008,0.15155782516707744,0.007717712836338541
smallsat00,0.9050927736860506,-1.7375068433665235,812.9270618568812,815.4862113557919,0.4646820173945636,0.0028555645585449326
smallsat00,0.9061503035864187,-1.8182710992912268,813.0290960187622,815.5559369837708,0.12397757655516524,0.004510639458317454
smallsat00,0.9055772072732343,-1.7392877075220885,813.3165190760882,815.8740609588781,0.4535511142998719,0.09172162761439509
smallsat00,0.9175581246433039,-1.7506925091593672,823.8868951750123,826.4359232223179,0.3797172512936041,0.003201486026989945
smallsat00,0.9187808499573739,-1.7584042988191815,824.8328792639035,827.3766141093266,0.32809206974441824,0.006896462996143291
smallsat00,0.923024897286278,-1.7660477762920734,828.542070515752,831.0816335097701,0.2755914315581282,0.0062801393493453995
smallsat00,0.9278182346373708,-1.7329365765471283,833.656692619754,836.2216091122556,0.48915346751369126,0.042643084581472125
smallsat00,0.9365326286859926,-1.8047087216326323,840.4662926899177,842.9951088420341,0.00460213935807499,0.008662947581166673
smallsat00,0.9372152095031551,-1.7501654720851427,841.7108883446865,844.2618464202179,0.38249547140794554,0.027001826356587627
smallsat00,0.9384116327053974,-1.8354136882977308,842.3720177932756,844.904270306269,0.22531659316835131,0.0034003437003863836
smallsat00,0.9417458922551147,-1.7868868504812527,845.2515436770101,847.784086289212,0.1313421655469365,0.012126752921576252
smallsat00,0.941269679168708,-1.7328167073341014,845.8529375895703,848.4186982249311,0.4874579815949621,0.0019616691517755484
smallsat00,0.9435588530156241,-1.7739199442568532,847.0275926433445,849.5650809830828,0.22336002826227733,0.0028849586150150605
smallsat00,0.9439686039641151,-1.851248920974735,847.6554438128513,850.1938665427571,0.32857404164687054,0.0027980557771102744
smallsat00,0.9437266315166184,-1.8696294196598005,847.8712373730556,850.4202140313906,0.444224162458797,0.0023007267088080664
smallsat00,0.9451073963944563,-1.7612393069363663,848.6314095764757,851.1756585727745,0.31013905336531383,0.00652884399895067
smallsat00,0.9451163150269343,-1.7421476563942837,849.0717507382078,851.6295211617185,0.43168716741350965,0.003492471793854845
smallsat00,0.9457382805591742,-1.7549862460120762,849.3275575409699,851.875791703793,0.3512714195639108,0.007324794401703884
smallsat00,0.9491393862192437,-1.7916260651722409,851.9153095983736,854.4472699347554,0.09845639573757416,0.0036278114635520014
smallsat00,0.9494223739041618,-1.7746517957188,852.3297626686465,854.8674562136325,0.21955951257271025,0.003521087332442789
smallsat00,0.9497453470822436,-1.7832727797458559,852.5266556822876,855.0610588358013,0.15863628887402986,0.009636419038096113
smallsat00,0.9518987343133529,-1.7844221837780496,854.4666537531823,857.0008749421214,0.15123384634639378,0.4243830768268031
smallsat00,0.9520057229965002,-1.7777274498332498,854.6321845521069,857.168826815877,0.19823139683952892,0.4008843015802355
smallsat00,0.9519884442369054,-1.7739289152492093,854.663922046824,857.2021623771656,0.22461718953729934,0.3876914052313503
smallsat00,0.9519335187253458,-1.8430299909941683,854.7071865803493,857.2424292714632,0.2672155829031905,0.01114858212171086
smallsat00,0.9522114624087266,-1.7708728786355517,854.9085505299327,857.4482191139156,0.24571158788908137,0.006428297277479952
smallsat00,0.9541454093929833,-1.7651746753337632,856.7509321657567,859.2936807642383,0.284346402815359,0.002630981174449802
smallsat00,0.953947052723494,-1.7500197545458935,856.878069459216,859.4303728375202,0.3823626110766335,0.003910674067533115
smallsat00,0.9547997158762633,-1.8777379226585933,858.1010981292021,860.6554407670146,0.4809600615003922,0.010857450446847628
smallsat00,0.9555838748558924,-1.8638843717208877,858.427945520701,860.9731650524944,0.39852658800439905,0.005567638883705946
smallsat00,0.9571326102209418,-1.8000567559509522,859.1190257682401,861.6501259103987,0.04077328643215396,0.017385664441179356
smallsat00,0.9586820088111072,-1.8157060237961564,860.536127996167,863.0664735535767,0.07259536121928697,0.007486319379117508
smallsat00,0.9587941985754259,-1.798079228095272,860.6290383599232,863.1605712737565,0.05643723749098425,0.0035927724787134956
smallsat00,0.9581878711932831,-1.739507287395281,860.9924873839034,863.5532407401585,0.4455224198719185,0.003240736629988593
smallsat00,0.9602694555789663,-1.792654849499829,861.9887786588735,864.5214895323288,0.0958124708986982,0.006432992873712729
smallsat00,0.9615609817721499,-1.8388346907112723,863.3488862397525,865.883240354191,0.23126086657932668,0.0033486276651804535
smallsat00,0.9632128486427001,-1.8763073460839033,865.6517437856817,868.2046576054609,0.4648333481335496,0.004251363882427082
smallsat00,0.9637377564152366,-1.8874829510838107,866.4801640150455,869.0416297372142,0.5258726834553253,0.002987318179109147
smallsat00,0.9651902019654545,-1.8361330955621096,866.5952581536988,869.1290130764314,0.21020685520939258,0.004247507532683887
smallsat00,0.9654618101036496,-1.8248796314242708,866.7263204385512,869.257883224126,0.13221132516300682,0.037502066108863884
smallsat00,0.9652536097771791,-1.766442761755092,866.7954969674698,869.3385018496796,0.2765913193170956,0.006678267803837679
smallsat00,0.9668457165741412,-1.7796088624070219,868.0547975303747,870.5920346267596,0.18825866050779216,0.0027626263587384806
smallsat00,0.9670369872068665,-1.8199349216671539,868.1181563265462,870.6493377865826,0.09652440098164816,0.003534697701892799
smallsat00,0.9668790174562685,-1.7474793929130306,868.6609014021875,871.2159403941735,0.3967458809937464,0.002240686882695561
smallsat00,0.9676278160652511,-1.8821047713536683,869.813446212553,872.3702842551828,0.4930453115193753,0.2534773442403123
smallsat00,0.9676574866625349,-1.88173423795347,869.8285313250736,872.3850897959105,0.4909811863384423,0.25450940683077883
smallsat00,0.9697254923866387,-1.8445584805398951,870.8161496440682,873.3525980461818,0.2631412156403486,0.003247827901862557
smallsat00,0.9716040251671456,-1.8359905894286848,872.3944144153564,874.9283662184926,0.20442766332895124,0.005606663447299771
smallsat00,0.9733808576121387,-1.7730987319372056,874.0582081675822,876.5987154383438,0.23320855877832222,0.005767038429428238
smallsat00,0.9722333908954137,-1.7267692461956965,874.1170301272862,876.6898323612011,0.5138779944196927,0.24306100279015364
smallsat00,0.9734925412309736,-1.8533034353037194,874.3757812489221,876.9155727530288,0.3166928053265477,0.008634725250023527
smallsat00,0.9743516970085592,-1.7532193619438203,875.2996395053852,877.8511845482878,0.36096578736276624,0.31951710631861685
smallsat00,0.9745433341604292,-1.8634862970250927,875.5438807366914,878.0885542578708,0.3788967961137948,0.0024986981892342035
smallsat00,0.9760879854550293,-1.8802079475226,877.3899373774211,879.944920426833,0.4743787304723863,0.007566843796119526
smallsat00,0.9769680851836403,-1.7538646276215748,877.656970684917,880.2082758195598,0.3567419564351241,0.0105292764957656
smallsat00,0.981471680425609,-1.8003002468348972,881.1587962404152,883.6919679373074,0.05185673672201309,0.17178712482274108
smallsat00,0.9800509649611925,-1.8885302184481771,881.2325191048235,883.7936055050943,0.5154064608532051,0.006895119937340029
smallsat00,0.9810003542611064,-1.7374827752761388,881.7309785692801,884.2946141866138,0.4528318853868311,0.2735840573065844
smallsat00,0.9819730262532428,-1.7544711120833507,882.1805558954907,884.7318193899285,0.3526699115085822,0.3236650442457089
smallsat00,0.9837141143551555,-1.7673576284424022,883.510835380004,886.0548987004343,0.2714646837808408,0.0037762413890693085
smallsat00,0.9843308962595183,-1.7784755328572395,883.9111323051987,886.4503632074474,0.19861764375758242,0.0043937123318250944
smallsat00,0.9859676834853307,-1.7461243541883678,885.9994235180383,888.5566375857377,0.4022043056559466,0.00835997352017014
smallsat00,0.988231724591018,-1.820651117525709,887.3051584171524,889.8378256638409,0.08881538338703694,0.003183071594034617
smallsat00,0.9881108779936095,-1.892323429777999,888.633081923718,891.1968335522885,0.5271276115459977,0.005816015129725259
smallsat00,0.990194155348668,-1.838128984281521,889.2364669912704,891.7718533681319,0.20537373872626188,0.0028095335844435135
smallsat00,0.9890464791924336,-1.7287385535505992,889.2954936651986,891.8669855801963,0.49865013755808785,0.01158703090413666
smallsat00,0.9899943849624835,-1.7385805873756432,889.8537513837742,892.4169176970735,0.4446844413098527,0.27765777934507363
smallsat00,0.9898938539975687,-1.7279714289844703,890.0889503947111,892.6611613990236,0.5024639323788033,0.24876803381059837
smallsat00,0.9899196848704983,-1.7283136880507866,890.1011133204098,892.6730147576401,0.5006465955631797,0.24967670221841015
smallsat00,0.9912239694205135,-1.7346319544759312,891.0845911530739,893.6510366545439,0.4662697960787592,0.2668651019606204
smallsat00,0.9922774850636037,-1.7478301168262194,891.6771941338601,894.2335807390882,0.39123034396362083,0.003197664079940421
smallsat00,0.992075864628412,-1.7326923700781898,891.9163428714118,894.4844614587836,0.4766115036331096,0.2616942481834452
smallsat00,0.9924059063899642,-1.7309171956959863,892.2712779279761,894.8409419477528,0.4860793017515428,0.2569603491242286
smallsat00,0.9931048583955111,-1.8827205409670644,892.8263180569905,895.3821562654092,0.47162804625970445,0.0021513544716459036
smallsat00,0.9960804702372367,-1.8029796588492666,894.3840773452041,896.917999576527,0.03644506868126107,0.009371535262006053
smallsat00,0.9949556578942027,-1.7236445832358511,894.82479924308,897.4012073726135,0.5234017115168936,0.23829914424155318
smallsat00,1.0029798091302466,-1.8627480227515,901.2211451683215,903.7655244050459,0.3489422101237346,0.3255288949381327
smallsat00,1.004401379805996,-1.8561131536000435,902.369771207674,904.9112033959813,0.30776119443840283,0.34611940278079856
smallsat00,1.0057388256117992,-1.854597684210537,903.5502658818181,906.0912618236512,0.2973586063174218,0.3513206968412891
smallsat00,1.0067657773436727,-1.8544446188351371,904.4760843231351,907.0169259093987,0.29557567525933465,0.3522121623703327
smallsat00,1.0071640440256866,-1.8553213326249987,904.85247421042,907.3936500552601,0.3005277257980673,0.026933179918145422
smallsat00,1.011668110506553,-1.7360753766739152,909.5784021477975,912.1444516315522,0.45308397332344913,0.004523542456641753
smallsat00,1.016617445386188,-1.8229521072516612,913.0162513056808,915.5509697304274,0.09012477934366721,0.005004010421869611
smallsat00,1.0198900075468473,-1.779544599383963,916.1275944649607,918.669333046979,0.1965377060932591,0.0027564113096293923
smallsat00,1.0208795917794362,-1.8357188067575638,916.975091251507,919.5114649921867,0.16846567242418506,0.0065228324436138845
smallsat00,1.021806588505048,-1.769878128228378,918.0010986396264,920.5468693071085,0.25653333278055723,0.005965824359991215
smallsat00,1.0243214159709542,-1.8125789697352357,919.9605391698365,922.4958088632337,0.01643710792498071,0.005007646537851282
smallsat00,1.0264624288176676,-1.7934576835024536,921.9546552866209,924.4927839813681,0.10942974643709569,0.0673743113927944
smallsat00,1.0286628177655348,-1.8882866752043537,925.0947538640172,927.6523061804907,0.46575634312357567,0.0019779480989754817
smallsat00,1.0307234582001945,-1.8081020605775302,925.7604624544148,928.2965568234096,0.02085859328626927,0.006491054765574226
smallsat00,1.0292600345289824,-1.7265389849074804,925.8305242222357,928.4047972535925,0.4968174761891445,0.0021563048420374527
smallsat00,1.0314313986513877,-1.861407330633288,926.9119244573533,929.4557903808429,0.31579838991752707,0.003721144490035209
smallsat00,1.0323668776771646,-1.8420037024874103,927.4430932471389,929.981203663201,0.19872740629534008,0.011854560932995873
smallsat00,1.0336422770280598,-1.8126913514857717,928.4046232378341,930.9406153997844,0.01319901533976992,0.003877141068730044
smallsat00,1.0335759545164829,-1.8369080741098736,928.4794339218342,931.0167276483908,0.16665120046398108,0.41667439976800946
smallsat00,1.0335783979774356,-1.8368989983977633,928.4815514269357,931.0188442984488,0.16659127861218775,0.41670436069390615
smallsat00,1.0338171590191083,-1.8310741365521572,928.6441614776934,931.1807087497551,0.12996801775223546,0.4350159911238823
smallsat00,1.0348915837066361,-1.864993737900041,930.1145251744514,932.6598076805693,0.3333667350156535,0.33331663249217325
smallsat00,1.0357234076281365,-1.8757854577309727,931.1189555955843,933.6692684233402,0.3927081593855897,0.30364592030720516
smallsat00,1.0357984567859724,-1.8844679471608687,931.4230238351417,933.9780630930302,0.43884362208615796,0.280578188956921
smallsat00,1.0361506642290248,-1.8813003491014242,931.6515278556492,934.2047414050564,0.4218499725969335,0.2890750137015332
smallsat00,1.040848305177231,-1.760951292703202,935.4270197995352,937.9784096696243,0.308357570873446,0.002718615841420108
smallsat00,1.0414571632867897,-1.7479689228616302,936.2680973456073,938.8269726920345,0.3811128234636924,0.004115806019691957
smallsat00,1.0425234023801253,-1.7334937380042426,937.6354211154388,940.2043611532163,0.4570588748177385,0.0020363911801836022
smallsat00,1.044823467081573,-1.857046573137302,938.9402338914045,941.4828847840737,0.27900987650526116,0.012815118785036654
smallsat00,1.0454011885172756,-1.8180331236477179,939.066808050946,941.6035218927727,0.04140165484052106,0.01802612234794228
smallsat00,1.0496629509380884,-1.7297201965350908,944.2274513660165,946.7994146276296,0.47339290546605783,0.002329885290319913
smallsat00,1.0516929433910829,-1.8291685162616595,944.8177713890061,947.3551146468129,0.10714526564420294,0.00493302240731578
smallsat00,1.0541745572413233,-1.7997956721481456,947.0376427681472,949.5766680598456,0.07599872510252265,0.014891820547097676
smallsat00,1.0552924231739331,-1.8142515711172988,948.022709111629,950.5601566078165,0.015948555889023937,0.004751984423611903
smallsat00,1.0563058835106887,-1.7485653891334993,949.7199645054437,952.2791184672263,0.3742703073011708,0.002757799332287973
smallsat00,1.0572424620938945,-1.7827764953730512,949.9558875219324,952.4993414428424,0.1801537770922261,0.036349521985061965
smallsat00,1.0614217577075493,-1.8234741177776397,953.5995520682638,956.1373143532313,0.06788552380697424,0.005860203711825553
smallsat00,1.0616737308916604,-1.81285403362535,953.8049286249732,956.3430043752958,0.012869743004742485,0.01908056978088033
smallsat00,1.0616282476113532,-1.7272701556910186,955.1566566486621,957.7306061397342,0.4805460819651377,0.03320384074340042
smallsat00,1.0662203659529828,-1.7346949783152203,959.0887493914697,961.6572864353473,0.4425407587692307,0.0036790451723760003
smallsat00,1.0675168314279488,-1.7717449673028953,959.4226851362614,961.9708559147778,0.24431487230402885,0.017881777176669767
smallsat00,1.068387576191769,-1.7411050665123116,960.8710659130938,963.4353157458651,0.40964066835381097,0.005881750021190981
smallsat00,1.069720414328347,-1.7875625896077476,961.2210249852866,963.7640206100108,0.15348142965806902,0.003365757835679518
smallsat00,1.0705937421794605,-1.8224060809951743,961.9057939838618,964.444149179046,0.05625453003060939,0.00883377218073682
smallsat00,1.07349271661373,-1.7955861997917237,964.5763102672543,967.1176069159723,0.1062575836149459,0.007168707921824519
smallsat00,1.075377113700524,-1.837589712449239,966.3346980503785,968.8742838555198,0.142557260744088,0.0061089937029519545
smallsat00,1.076691084827888,-1.8011616017273413,967.4448610882888,969.9853370248176,0.07394047933365501,0.004687095920599261
smallsat00,1.0790829538479911,-1.7900875574366082,969.6884289231929,972.2313938268677,0.13934511143973904,0.00640728876036829
smallsat00,1.0785003803969675,-1.8833193459801303,969.9634021962271,972.5161837009223,0.3906093898916073,0.0020319114243047506
smallsat00,1.0804653942419107,-1.8340884772499835,970.9144876839534,973.4539017334123,0.11914310274863447,0.0035295935872862215
smallsat00,1.0828519400077947,-1.7820294769999052,973.1902691535973,975.7357683080755,0.1861868208112057,0.00295685455105262
smallsat00,1.0837059819706727,-1.7958529035547202,973.8360364904921,976.3780739746451,0.1069831453092776,0.003807823868401241
smallsat00,1.0858497000777279,-1.781290644220951,975.9182477096724,978.4641831689893,0.18994252671481227,0.0038013297029696248
smallsat00,1.0873449411012037,-1.8107694996332304,977.0759358376945,979.6159491200129,0.027241814182711675,0.009234717710692125
smallsat00,1.0872884098867315,-1.7962165079977888,977.0824591944139,979.6246380003845,0.10599151233377532,0.007471824937085083
smallsat00,1.0868542068754203,-1.7382601972848541,977.6983329643471,980.2648249386597,0.4172074462853598,0.01020974848434221
smallsat00,1.0877324391017313,-1.8793196272932131,978.206604797688,980.7574446305562,0.36135934462892016,0.0028626002975916365
smallsat00,1.0886299746695693,-1.8498765162240136,978.4720812969247,981.014083930872,0.20340764620495858,0.00728218176760967
smallsat00,1.0883889446998694,-1.7591328865154274,978.5830055150601,981.1378989783748,0.3107636305449262,0.006240805579959208
smallsat00,1.0883603038468441,-1.7542675019728124,978.6607872883335,981.2181067618574,0.3362052387144188,0.006246308703697319
smallsat00,1.0899704049883934,-1.8048677560340742,979.4705302222745,982.0114517228571,0.05577465964390765,0.005150434489862365
smallsat00,1.0908839452254724,-1.8002824095699421,980.3190183246438,982.860668009405,0.082593076325689,0.009565190388536258
smallsat00,1.0910908365550043,-1.777290995347203,980.72421170285,983.2718028061317,0.21233822521355786,0.01734798803574646
smallsat00,1.091249975676201,-1.8641025378773877,981.066309173602,983.6118597865791,0.27918845064964065,0.0074176313838480975
smallsat00,1.0953168546327352,-1.791744101789553,984.3976409125277,986.9414078161783,0.13186734017880855,0.005522481226675873
smallsat00,1.0974783750981603,-1.820707456753964,986.266589918429,988.8067281285245,0.033318928521074445,0.0038567352481770865
smallsat00,1.097608332314264,-1.8930403761281336,987.4896871533416,990.046369847971,0.41882502910847713,0.010000858899101326
smallsat00,1.100673392280154,-1.838450473929738,989.2560131837638,991.797002898749,0.13241570178213352,0.006633260349407735
smallsat00,1.1033945874768156,-1.8515579838786784,991.8620815505163,994.4050260725511,0.20169608281086127,0.0039542654031435335
smallsat00,1.103086763756642,-1.7325180116859153,992.5870115157816,995.1573559118431,0.43769563407573686,0.012433674139317306
smallsat00,1.104607591306952,-1.8666541219773405,993.1985845040542,995.7450051330592,0.28097144843037963,0.002764425104601334
smallsat00,1.1045324897892375,-1.8801733900034114,993.4134658704891,995.9643898495518,0.34946843425007235,0.3252657828749638
smallsat00,1.1053402456203536,-1.8946720146326528,994.519237552559,997.0764265273045,0.4184475735194619,0.004448488360958462
smallsat00,1.1072711208251276,-1.7459074446689298,996.012833528551,998.5752223057522,0.37244831522914534,0.002955768435270726
smallsat00,1.1081198046272025,-1.893336802848292,996.9921371108923,999.5485860041669,0.40940725716379717,0.003194909874496245
smallsat00,1.1095077951681434,-1.7575355088241236,997.7743196516218,1000.3308907635017,0.3141207110001441,0.08192165090457246
smallsat00,1.1110697426756306,-1.862066332052256,998.9659281156004,1001.5113570544024,0.2513860882102762,0.002763633024357064
smallsat00,1.1116858613548772,-1.8725355324907107,999.7158609840619,1002.2641038014846,0.30452406628413686,0.013798938000856442
smallsat00,1.1123876931536885,-1.7255234301756233,1001.2392045629804,1003.8141319493761,0.4648701691968715,0.26756491540156424
smallsat00,1.1124266489025936,-1.9210720219779516,1001.7836774033666,1004.3548792342034,0.5266227382959066,0.0021210457172754745
smallsat00,1.11344503106784,-1.7208919546593602,1002.3515434404209,1004.9296577967086,0.4845838462601311,0.008582194375922557
smallsat00,1.1151287501972393,-1.904621560739619,1003.6550702099863,1006.216609517433,0.45324989263747956,0.003045215847973452
smallsat00,1.1156116653479722,-1.7261592536221246,1004.1418400224818,1006.7163030466048,0.46036944514217226,0.26981527742891387
smallsat00,1.115310421519078,-1.716740409780812,1004.1866814133158,1006.7677299026893,0.5012726991257298,0.2493636504371351
smallsat00,1.1170037399593629,-1.8759332871186163,1004.5960075765234,1007.145398631833,0.3166094613521007,0.34169526932394967
smallsat00,1.117010721276371,-1.8759446317587545,1004.6025638930831,1007.1519561436697,0.31665749960080913,0.34167125019959543
smallsat00,1.1157207135196376,-1.7121134546673116,1004.7263729594665,1007.3108492884733,0.5203895391319723,0.007363619275860453
smallsat00,1.117010721276371,-1.7432233377188733,1004.9158069012045,1007.4798718297487,0.38163358534167036,0.3091832073291648
smallsat00,1.1167888899284424,-1.7186702203347421,1005.4591546995074,1008.0387523153421,0.4922608485018796,0.2538695757490602
smallsat00,1.1175959301745646,-1.7423791219596834,1005.4686363836154,1008.0331777496687,0.3855219155217371,0.30723904223913145
smallsat00,1.117008975947119,-1.7185911569196268,1005.6614029105596,1008.2410499894654,0.4924229819626394,0.25378850901868033
smallsat00,1.1177170909312395,-1.7364467827387393,1005.7403903001126,1008.3083436426887,0.4129278077516948,0.00806461070491497
smallsat00,1.1183080768692573,-1.8838453533100967,1005.9534075302181,1008.505491732595,0.3538858332454388,0.017249956024013274
smallsat00,1.1191008403220977,-1.917591416570455,1007.6732217021254,1010.2415355619689,0.5045389405263179,0.015963259875182566
smallsat00,1.1217816835064531,-1.857940408607126,1008.5987540947136,1011.1434357541782,0.22148315472208105,0.0034262526360681216
smallsat00,1.1212175232790391,-1.7371293810091943,1008.8957959611075,1011.4633734193039,0.4082234048403167,0.003028318096297153
smallsat00,1.1221146225145644,-1.909591839570279,1010.1185274955066,1012.6820857101715,0.46726569662026624,0.0023466946063877277
smallsat00,1.1254282697258144,-1.9259121865128754,1013.6830799479048,1016.2557078874327,0.5310778814343297,0.23446105928283517
smallsat00,1.12709062602517,-1.7506743228285617,1013.8765874086797,1016.4370239224224,0.3424652898063424,0.0032615913407972727
smallsat00,1.1276600222403395,-1.7536202640730036,1014.3264567959731,1016.8855293765032,0.32831185224085524,0.3358440738795724
smallsat00,1.1266522691302379,-1.7182344116205193,1014.4149162622397,1016.9945038236883,0.48834991129846955,0.25582504435076525
smallsat00,1.1272338128370025,-1.9205543747751035,1015.1119224999911,1017.6810979054993,0.5073927612260748,0.2463036193869626
smallsat00,1.1284157498064529,-1.7426817620519792,1015.2747743327526,1017.8393045562275,0.3794970071568629,0.3102514964215686
smallsat00,1.1295712275844447,-1.7090990267030224,1017.3901540282129,1019.9761803481945,0.5239472451390097,0.017496684267909214
smallsat00,1.1307326569351837,-1.9082308492728657,1017.8517219555306,1020.4139169317007,0.45174874737689197,0.0018540029859538106
smallsat00,1.1339428410283774,-1.8009798082324544,1019.371573447753,1021.916100748619,0.08690096451561853,0.0032542849624663354
smallsat00,1.137206310023634,-1.7822538739818339,1022.499025511498,1025.0478374712375,0.18413212426045653,0.003282780376017343
smallsat00,1.137684216079415,-1.9156988338894694,1024.3664859516077,1026.932061569819,0.47534371577904655,0.003619428819412284
smallsat00,1.1383211041767602,-1.736423831659075,1024.4271675234115,1026.995206485434,0.4033490658487756,0.002702430964415612
smallsat00,1.1390128654257872,-1.7389224973761088,1024.985992292002,1027.5526322650876,0.3919097191019874,0.3040451404490063
smallsat00,1.1428324661338995,-1.8997011634189824,1028.5236292787708,1031.0812001790453,0.40143274548187696,0.0030963884076222505
smallsat00,1.1428803405152812,-1.9270951706798776,1029.4529219642036,1032.0241958650747,0.5150334452933811,0.24248327735330943
smallsat00,1.1450110733727024,-1.7459797885664248,1030.2450042075095,1032.80806978658,0.35749803711866235,0.00266574064399467
smallsat00,1.1440921226149408,-1.9282924665467454,1030.5893828283304,1033.161070364095,0.5182419440811662,0.2408790279594169
smallsat00,1.146281324002303,-1.7310394036502106,1031.800354679279,1034.3713765030207,0.42273602564662793,0.002792033422622476
smallsat00,1.147069217986531,-1.7075501517116323,1033.3014567257192,1035.8874854772805,0.5182230906588106,0.0017305426583535525
smallsat00,1.1497181390988676,-1.7626788894099967,1034.1549062934002,1036.710859739588,0.2781663416988347,0.004946726060337886
smallsat00,1.1489268940824766,-1.723356743535612,1034.4354212227727,1037.0109408519318,0.4535962563691719,0.0022069247205249148
smallsat00,1.1499660282125277,-1.742408268958192,1034.8289166261875,1037.3937982489194,0.37123939956868557,0.3143803002156572
smallsat00,1.1503688502038882,-1.7506652471164517,1034.9947171259046,1037.555669522156,0.33388184510920205,0.333059077445399
smallsat00,1.150293766139468,-1.7458746673855767,1035.0395973586817,1037.602782253089,0.35561162548742264,0.009714799134151615
smallsat00,1.1501548728375934,-1.7398401914968074,1035.0669806265873,1037.6331672900692,0.3825223622867792,0.30873881885661036
smallsat00,1.1507314947158682,-1.7215046001333951,1036.1311250312983,1038.7077040203058,0.46014133758447806,0.0018709701710447272
smallsat00,1.1512976097120453,-1.7338742546877621,1036.2669571250335,1038.8363106102704,0.40794736760141087,0.007133247466015667
smallsat00,1.1538443243433845,-1.7510928527831904,1038.138028131037,1040.6988559394708,0.3306727462064596,0.3346636268967702
smallsat00,1.1582301447674292,-1.8030523867191972,1041.3965864716372,1043.9422566269252,0.08009329374142014,0.004325401332827843
smallsat00,1.157527422850699,-1.7076410484590767,1042.7717422198943,1045.3569892088376,0.5104260105921276,0.0024855671442237685
smallsat00,1.1585018750786726,-1.7022409648468206,1043.858776001255,1046.4477002425185,0.5300906919478622,0.0037235613570051405
smallsat00,1.160607789354129,-1.760764507566654,1044.0723930242118,1046.629430583513,0.2840784199650362,0.0028632090390864986
smallsat00,1.164281951775672,-1.7988175896353282,1046.913574730446,1049.4603225884196,0.10150688616912631,0.011740609518428027
smallsat00,1.1766064372089973,-1.716138061749363,1059.757492518015,1062.33619336784,0.46420125150170577,0.00334427718854352
smallsat00,1.2061021001419736,-1.9190440541068892,1086.1992641759598,1088.7606587437601,0.40800654922994734,0.007099974786235498
smallsat00,1.2076635938638556,-1.8444845658460731,1086.2813486218263,1088.827663954055,0.09881372928006457,0.0035194327825849208
smallsat00,1.2087200242067948,-1.8891680664766117,1087.8334626565027,1090.3858802262212,0.28829390320419823,0.0029566643614553586
smallsat00,1.2118210205019826,-1.8467807035567048,1090.0675495461744,1092.6141380460938,0.10667356358280591,0.44666321820859706
smallsat00,1.2118229403641596,-1.851188183516766,1090.1039486221855,1092.6507873626865,0.1257277421417382,0.4371361289291309
smallsat00,1.211907623739467,-1.852756571289193,1090.194445293363,1092.741395906111,0.13240159709995947,0.01631489876706763
smallsat00,1.2123243734582578,-1.8214451550689046,1090.436777782479,1092.9835499596536,0.0063300252614454525,0.4968349873692773
smallsat00,1.2134098111733662,-1.8660433963654828,1091.700792867346,1094.249210196539,0.18812289259808537,0.006600290257475099
smallsat00,1.2171661436960932,-1.8184649355579539,1094.833455029097,1097.3807390167815,0.01909956829644911,0.0054122816153296255
smallsat00,1.2178706982085383,-1.8033072222432813,1095.5260956770637,1098.0749263429996,0.0848553739761313,0.0037130467959875096
smallsat00,1.2175334482371756,-1.8965547536566574,1095.958454020577,1098.5125017561768,0.3088138588737247,0.0028345543647588546
smallsat00,1.2213447935379256,-1.8927045049668796,1099.3252961391022,1101.8784880072637,0.28977715365313905,0.004016546937040281
smallsat00,1.2219334232814532,-1.8705748121557273,1099.4832685291194,1102.0324823508097,0.20023968383942853,0.006805960290526464
smallsat00,1.220484573109495,-1.9600675818427031,1100.5635879389047,1103.1411498887553,0.5306949577724611,0.0024277149834430584
smallsat00,1.2262028826042675,-1.858642676738251,1103.2104445446682,1105.758332517214,0.14789363011731507,0.00292726941600365
smallsat00,1.2364036863103507,-1.8914615163801944,1112.9255187310202,1115.478166760879,0.26994189639857263,0.00290003414020607
smallsat00,1.2370444839452206,-1.9585321284332617,1115.3878957847155,1117.961717220203,0.5025053789933176,0.0024645883524671047
smallsat00,1.2419080009855357,-1.847104531946119,1117.358411898914,1119.9062851227002,0.09281911996010908,0.009313421308116202
smallsat00,1.268508354675671,-1.7239864757830234,1142.7787839614728,1145.348764095044,0.36444216055228346,0.002803869335030176
smallsat00,1.2419927018141337,1.3613608308128566,1713.594480720504,1716.1399493799513,0.3412318605119279,0.32938406974403606
smallsat00,1.241953431905964,1.3616906980414836,1713.6218567832514,1716.1674158010467,0.3424604405984454,0.3287697797007773
smallsat00,1.2387718712125033,1.3669467570838645,1716.3599608160077,1718.907042288982,0.3650977058770733,0.3174511470614634
smallsat00,1.1656842889230636,1.206233697967573,1783.2294590608676,1785.773437644209,0.298136261436699,0.3509318692816505
smallsat00,1.1656205844053658,1.217464542638306,1783.4986906290742,1786.0385747761106,0.2467206417952421,0.37663967910237894
smallsat00,1.1624259337425151,1.211199159689497,1786.28275508415,1788.8246598136404,0.27657045861525825,0.3617147706923709
smallsat00,0.8798277539533232,1.2024227715458446,2042.0965256825887,2044.6167927724175,0.36026099204066253,0.03034175491583144
smallsat00,0.8095782515605519,1.3020519771960897,2105.2938177952788,2107.8087652848694,0.45786059220435543,0.35095014946794917
smallsat00,0.7179699857405254,1.1874473229649565,2188.064150215178,2190.5774712273605,0.4522606724997131,0.27386966375014343
smallsat00,0.713292520798474,1.1832803668291132,2192.186726408473,2194.70391354033,0.48299782494651256,0.04726106449628115
smallsat00,0.7086499275348755,1.1779773409765604,2196.2395239529155,2198.7625803361148,0.521177089074585,0.23941145546270748
smallsat00,0.41628109788704554,1.1953833350737746,2460.0273308095375,2462.490950112665,0.2656433963550429,0.36717830182247857
smallsat00,0.4159857881776081,1.1947880032659195,2460.2877795154745,2462.7518113937563,0.2717748651707536,0.36411256741462317
smallsat00,0.41423574653663336,1.1961463930227465,2461.8719269923063,2464.3349437289767,0.2562305658420484,0.3718847170789758
smallsat01,1.268508354675671,-1.7239864757830234,6.161942201362758,8.738552583935522,0.0727283250865902,0.004090813539159659
smallsat01,1.269074975817331,-1.6472945442421205,7.814649721519146,10.408546970954582,0.3440191240895947,0.007805953763041854
smallsat01,1.2419927018141337,1.3613608308128566,579.8420345442019,582.4346208499751,0.02088776477246681,0.4895561176137666
smallsat01,1.241953431905964,1.3616906980414836,579.8772362703594,582.469816766827,0.02226702957172554,0.4888664852141372
smallsat01,1.2386032724067606,1.4445535204054931,581.8249017044825,584.4271805982854,0.34680272878390805,0.326598635608046
smallsat01,1.238600828945808,1.4445676575724342,581.8267597086932,584.4290425789133,0.34685686928484294,0.32657156535757853
smallsat01,1.2381292409819191,1.448908989553845,582.1424088871561,584.7459297493906,0.3630274147506933,0.31848629262465333
smallsat01,1.2387718712125033,1.3669467570838645,582.7561732069826,585.3486160422364,0.04469888170423352,0.47765055914788324
smallsat01,1.235713705297159,1.4549384039877846,584.161960563803,586.7674996034742,0.38725367686144535,0.3063731615692773
smallsat01,1.2338140889392883,1.4381493837811503,586.3117861441817,588.9127289223135,0.3290537495612922,0.3354731252193539
smallsat01,1.2329182114342394,1.454957253543706,586.6868422493199,589.2926642085583,0.39065752504981316,0.3046712374750934
smallsat01,1.2309655370671082,1.4522015531877324,588.5282002998857,591.1333441842335,0.38324967207084826,0.30837516396457587
smallsat01,1.227296680446491,1.443270528872352,592.0819751538429,594.6847650870246,0.3552985766469067,0.3223507116765466
smallsat01,1.2264885930028178,1.4404303545805817,592.8839504254344,595.486057808791,0.3456339131235585,0.32718304343822074
smallsat01,1.2170421729593235,1.4660814585971425,600.6785615154836,603.2902384209019,0.44981178105152764,0.2750941094742362
smallsat01,0.9564040748845742,1.3419036734188223,839.1347527815504,841.7201259808188,0.03338688296660031,0.06336374525214576
smallsat01,0.8095782515605519,1.3020519771960897,972.0457571349795,974.633767350469,0.21756534585457735,0.506503594597104
smallsat01,0.7665788016719695,1.345711597874238,1011.0304989172743,1013.6115213172543,0.18654591080300312,0.03269949862890395
smallsat01,0.7646067541501407,1.3613554202921756,1012.6064682794121,1015.1941947927108,0.32006961008205936,0.3399651949589703
smallsat01,0.7415104107327725,1.3513575285649293,1033.638083746946,1036.2211573958366,0.2548635774323906,0.15389377048931094
smallsat01,0.4322328836514981,1.317585355178961,1313.2913853474115,1315.8642621269576,0.16692540743351703,0.4165372962832415
smallsat01,0.38999120336425497,1.3402041241531064,1351.1862267167498,1353.7779837041214,0.43563413750933594,0.282182931245332
smallsat01,0.3896937992597151,1.3401521133413972,1351.4551924159166,1354.0469194266354,0.43533418783177946,0.28233290608411027
smallsat01,0.38841290212167645,1.3378650338895839,1352.6402865580983,1355.2296486364642,0.41436753485793054,0.2939687962655565
smallsat01,0.38789227040580654,1.337434810228967,1353.115298976383,1355.704255754513,0.41064513454043294,0.29583732235604204
smallsat01,0.384938126113881,1.337763630260043,1355.77589765763,1358.3654606119687,0.41612590725198173,0.29308614947455186
smallsat02,0.5849980624200577,1.3925421850972866,38.74186148666146,41.249197789310685,0.0330307615301572,0.4834846192349214
smallsat02,0.4002526921684304,1.395240638653795,205.04755929954706,207.5380812504884,0.13367624868337905,0.4331618756583105
smallsat02,0.38999120336425497,1.3402041241531064,213.99279121618883,216.51056699669226,0.45928081718152625,0.2703595914092369
smallsat02,0.3896937992597151,1.3401521133413972,214.26002985523908,216.77774894947134,0.4596776322860838,0.2701611838569581
smallsat02,0.38841290212167645,1.3378650338895839,215.38060214316357,217.90104015412373,0.4802344516518181,0.2609057073896257
smallsat02,0.38789227040580654,1.337434810228967,215.84310679301993,218.36412101995387,0.48408690610868166,0.2589718982742494
smallsat02,0.384938126113881,1.337763630260043,218.50929399734633,221.0294872266513,0.47969397470458747,0.261177009557869
smallsat02,0.33175584941051134,1.3647195424253946,266.6231920821654,269.11115709306114,0.1685184549261694,0.4157407725369153
smallsat02,0.28926772863288663,1.384297947842566,304.82757567475585,307.3092183969464,0.09570660639066875,0.4521466968046656
smallsat02,0.28069327508368885,1.3613587364177544,312.5124017808375,314.99673663297784,0.1714166508819591,0.41429167455902044
smallsat02,0.2793210972257709,1.3668100978034332,313.7618709980132,316.24391464466885,0.10623464854179723,0.4468826757291014
smallsat03,0.62863602356219,-2.002503621995448,2837.339811073466,2839.9047695682953,0.4890822259712417,0.01697563672979627
smallsat03,0.6447182552349368,-1.9457842959365719,2851.2859052357285,2853.8260689144463,0.05205483021839225,0.0038154793083709708
smallsat03,0.646722329548538,-1.942486880287365,2853.105716510931,2855.646895347723,0.08585295973312512,0.45707352013343744
smallsat03,0.6521453118805801,-1.9325458688404396,2858.0638056524085,2860.6092672540185,0.18613123083179842,0.003765228215761823
smallsat03,0.680423886912971,-1.974440071526904,2883.62999244953,2886.175127314937,0.2027683067957963,0.014450929243006633
smallsat03,0.7043909401875752,-1.9528858137701348,2905.1903718842395,2907.7346447345853,0.019940268746283674,0.036348416110348586
smallsat03,0.712982742309538,-1.9837590825350018,2913.1309683400673,2915.681323396697,0.26182023503483903,0.003766931340617216
smallsat03,0.7143630534017695,-1.9775894134423728,2914.309432102347,2916.857169744033,0.20553193028288969,0.020560568821588906
smallsat03,0.7141130698930065,-1.9097474880329717,2914.4363040300686,2917.0055361723844,0.4091189861953993,0.002492336116227806
smallsat03,0.7184561995635471,-1.9741791622570233,2917.9763276850254,2920.5233122809727,0.17133042181275424,0.007845014896698655
smallsat03,0.7227481212738336,-1.9692768116408512,2921.8198765855204,2924.3659295060393,0.12323461811286035,0.19937126227073546
smallsat03,0.735152804586288,-1.9428605203736315,2933.0383250291047,2935.587855994005,0.12994015604288042,0.008160001256525839
smallsat03,0.7466354828147916,-1.9700178435346631,2943.410724145792,2945.958570012533,0.11292381335606812,0.005892551415813425
smallsat03,0.7654575148940262,-1.930179272187906,2960.580174458927,2963.138814037346,0.25406331341534955,0.0026383780604499084
smallsat03,0.7753167925720786,-1.9258978748130093,2969.5659323855975,2972.1283268202305,0.29270774746061745,0.3732311597873904
smallsat03,0.7760419768762823,-1.929121672474368,2970.1765340403026,2972.7369150102895,0.26632528190313404,0.36683735904843295
smallsat03,0.777793065714809,-1.9265764239195988,2971.798118797215,2974.360315111357,0.2878042626091636,0.027803521206731636
smallsat03,0.8141454640537549,-1.9499952867294443,3004.475083183079,3007.029936336084,0.10579851457960339,0.0036081029936713
smallsat03,0.8321062285070085,-1.9937296074995778,3020.9032884393264,3023.4620720276266,0.25097286986474987,0.0409730305992833
smallsat03,0.8352547152111427,-1.991768869711303,3023.724653028153,3026.2828581567974,0.2330014457642674,0.38374471665522175
smallsat03,0.8377555974963253,-1.9919243785476557,3025.9881493825224,3028.546495368848,0.23228362990621282,0.3838581850468936
smallsat03,0.8382120010957219,-1.992267859344448,3026.4052099606615,3028.9636944378694,0.23472708743125542,0.38263645628437226
smallsat03,0.8406421975461988,-2.030319004097653,3029.40304185842,3031.9857381335305,0.5061397190183747,0.24693014049081263
smallsat03,0.8427201865536232,-2.0337361842401327,3031.382414284307,3033.9683792405363,0.5257810671077593,0.23710946644612035
smallsat03,0.8449388840053443,-2.012600980036767,3032.833719842545,3035.402379964548,0.38257153500165225,0.0033713652283793114
smallsat03,0.9341264130594387,-1.9636064987005095,3113.0998759162435,3115.662382687425,0.0480863408014446,0.0038298659555088548
smallsat03,0.9523738827489169,-1.9171603202452125,3130.2474172712923,3132.831781973036,0.37463338949340586,0.007230280295140406
smallsat03,0.9572005384354295,-1.914531522779151,3134.68947827923,3137.2760577549916,0.3906118785792366,0.008863550226065003
smallsat03,0.9592267435239479,-1.9591138990328285,3135.872792455566,3138.438237002084,0.09038448522509261,0.007245997190696912
smallsat03,0.9635308301791208,-1.9757490684658994,3139.7442240837922,3142.3078483588806,0.02688829907586739,0.004480530641621681
smallsat03,0.9652850955168849,-2.0031735666288264,3141.5343715835215,3144.101373307786,0.21798585264106948,0.030928920199428153
smallsat03,0.970203852228026,-1.9288680412274677,3146.186463926212,3148.764691345707,0.2993987039700877,0.0029462619835711247
smallsat03,0.9741831156561098,-1.8914933162791658,3150.773982383136,3153.3809698638993,0.5195487774704937,0.008710100213237421
smallsat03,0.9744373577682478,-1.8930657706687504,3150.951860827228,3153.5573481110673,0.511078649858348,0.013486243548523947
smallsat03,0.9760791366357212,-2.013946332184081,3151.469231891144,3154.0399604866398,0.28092627716219953,0.006081446165280225
smallsat03,0.979747853629999,-1.9873300610911677,3154.485317053095,3157.050342245174,0.09926534522875965,0.0030384782354283173
smallsat03,0.9800509649611925,-1.8885302184481771,3156.203259963671,3158.8132555003936,0.53330230775131,0.006640485897109193
smallsat03,0.9844482521984217,-1.9098865907743556,3159.53794125941,3162.129547915619,0.41486392581916753,0.004056943447653771
smallsat03,0.9857811426948773,-1.928958414376136,3160.3214428674696,3162.9007470859883,0.29887230012262433,0.00272154402169068
smallsat03,0.9861298594794263,-1.9990632115206246,3160.3648109617343,3162.9316586597206,0.1750140490603161,0.0033989421178714976
smallsat03,0.9881108779936095,-1.892323429777999,3163.389411707202,3165.995912509628,0.5110773470711975,0.006013422682588985
smallsat03,1.0232662422650753,-1.9495974040198667,3194.045308738725,3196.6185183040157,0.17024574034671475,0.03686681151065512
smallsat03,1.0234786488350434,-1.944042003557476,3194.3026374527362,3196.8778043316747,0.2052556594116903,0.0038571591996552626
smallsat03,1.024586950363352,-1.9408150643034638,3195.3519177902076,3197.928364593671,0.22540703417827926,0.1943900433190321
smallsat03,1.0286628177655348,-1.8882866752043537,3200.3426899817787,3202.9532462413517,0.5174898356123132,0.001786413465284679
smallsat03,1.0357984567859724,-1.8844679471608687,3206.9572766494007,3209.571207321438,0.5329344947104594,0.2335327526447703
smallsat03,1.0439814504372409,-1.909911234823394,3213.5867556813987,3216.1808519870497,0.40173098443591804,0.007501096917142459
smallsat03,1.0506505105887434,-2.0146860899875394,3219.0150375376293,3221.587898767129,0.22598700103963074,0.38731610465654837
smallsat03,1.0527780669469244,-2.009910171022382,3220.8792689259612,3223.4510701144513,0.19609660761604822,0.4019516961919759
smallsat03,1.0533761912815842,-2.0116404904428085,3221.4432491105727,3224.0154945816885,0.20590631777470178,0.0146441462918108
smallsat03,1.0568450680765071,-1.9288177233851327,3224.8386701942686,3227.4225278185927,0.2952849171936235,0.00538449304269592
smallsat03,1.058709725489461,-2.0510884920095553,3227.0802632280806,3229.6671042334724,0.41982237908074094,0.010842165987198806
smallsat03,1.0635184740978478,-1.9251928490616654,3230.970275090632,3233.556258242224,0.3145583661865855,0.0050320555143688805
smallsat03,1.0635639050182777,-2.049537889142206,3231.4278556605736,3234.013641432218,0.4070594595028026,0.00659053410762635
smallsat03,1.0664007108245905,-2.0418425404839455,3233.798162053036,3236.3802377527004,0.364329211236571,0.3178353943817145
smallsat03,1.0665478420805337,-2.0441739512987596,3233.988121674809,3236.5712808461285,0.37642206041354037,0.3117889697932298
smallsat03,1.0700915062339067,-2.0528059134468095,3237.4213195489333,3240.008450315991,0.4170728037222641,0.5194714904725304
smallsat03,1.071357620433181,-1.9346611206273943,3237.9129868740756,3240.4949736881777,0.2609234950817139,0.003367232556407712
smallsat03,1.0762827475960905,-1.9191531546384317,3242.6923515000444,3245.282060467491,0.3444552096248584,0.018906785814139584
smallsat03,1.0785003803969675,-1.8833193459801303,3245.761601018459,3248.3756438036444,0.5183183434645758,0.0016060872034412827
smallsat03,1.0822082276730745,-1.929859510415648,3247.852508184468,3250.437169476798,0.2861117649139874,0.002435072769878389
smallsat03,1.0841907122638295,-2.0801597606816165,3251.0512693759842,3253.6534934340907,0.5297834299665621,0.0020067275820460353
smallsat03,1.0877324391017313,-1.8793196272932131,3254.2882735276303,3256.905273146584,0.5310223798247066,0.002102114019499057
smallsat03,1.0962347581929441,-2.024134691692598,3260.4626569773886,3263.0394139825457,0.2434507967547738,0.010942475492671204
smallsat03,1.097608332314264,-1.8930403761281336,3262.774933247939,3265.381224929796,0.46495566746888134,0.00920704287419549
smallsat03,1.1001301410971775,-1.9747232686513327,3263.6615728521765,3266.234827591765,0.03583071570440901,0.005467161231717433
smallsat03,1.1007810790950008,-2.019861340285553,3264.5194280306855,3267.0949083048786,0.21665066406711245,0.3916746679664438
smallsat03,1.1012723020129755,-2.0443476639192095,3265.418194795812,3268.000638091277,0.3440104239838951,0.03673301096178982
smallsat03,1.1029971236462581,-2.0523611162869395,3267.1740509744236,3269.7597934540395,0.3817848122806234,0.30910759385968833
smallsat03,1.102787492149802,-2.0632518835529217,3267.2862284654857,3269.8770139694834,0.4336451519132995,0.003408323475785763
smallsat03,1.1045654066989314,-1.959140497850629,3267.7691486938,3270.345314961404,0.12435353933061075,0.003075270369870895
smallsat03,1.1039647341835637,-2.0554152679450044,3268.1297369610274,3270.716638912835,0.3955098325132697,0.3022450837433651
smallsat03,1.1049878461910827,-2.0580444319302087,3269.126607006766,3271.7147408814276,0.40696136295033214,0.29651931852483393
smallsat03,1.1045324897892375,-1.8801733900034114,3269.5031638776877,3272.1187651884866,0.5179558747755235,0.24102206261223824
smallsat03,1.1053402456203536,-1.8946720146326528,3269.7426114249847,3272.3477075116075,0.4537965501009831,0.004178092256094213
smallsat03,1.1067684310939674,-2.0631662751531112,3270.8828730000864,3273.4732615783487,0.4290030475290595,0.28549847623547026
smallsat03,1.1067684310939674,-2.0631767471286233,3270.8831806856383,3273.4735744012414,0.42905140641346284,0.2854742967932686
smallsat03,1.1084798311453037,-2.024661082995,3271.5684231195696,3274.1450506690385,0.2362351780725698,0.003537758655167857
smallsat03,1.1081198046272025,-1.893336802848292,3272.308281772952,3274.914240708098,0.4584926227205098,0.0029293744086229495
smallsat03,1.1122066850569645,-1.9354910595933035,3275.0007080175196,3277.584498914507,0.2517098477431669,0.003967933247367234
smallsat03,1.1124266489025936,-1.9210720219779516,3275.4767923232694,3278.066769551241,0.32535412742023817,0.003022863273072386
smallsat03,1.1139474066397337,-2.0434351185198047,3276.872354488711,3279.4544179379413,0.32736544825842123,0.009036396779613617
smallsat03,1.1150897420884565,-1.9905842798413882,3277.248195177588,3279.8214882321754,0.05086908712304911,0.0032349545280556074
smallsat03,1.1151287501972393,-1.904621560739619,3278.336879993221,3280.935669045053,0.40361629675260796,0.0033216584325202244
smallsat03,1.116409926587958,-2.015800744514326,3278.635882533341,3281.2109779660027,0.18326843000517834,0.004705462818596832
smallsat03,1.1153468639938608,-2.069415077474026,3278.8258957473518,3281.4188491394752,0.4481101139173285,0.00468959232533982
smallsat03,1.1177756990875212,-1.9288433797251368,3280.1775149394384,3282.764186545152,0.28478458421700215,0.005453279140206765
smallsat03,1.1170037399593629,-1.8759332871186163,3280.97774023668,3283.595986859469,0.5281430442885813,0.23592847785570936
smallsat03,1.117010721276371,-1.8759446317587545,3280.9836451721644,3283.6018826141226,0.5280923756600252,0.2359538121699874
smallsat03,1.1188157931486624,-2.0287452756177133,3281.000828705297,3283.578528347933,0.24899123874877854,0.003476669892085655
smallsat03,1.1191008403220977,-1.917591416570455,3281.6166279989343,3284.2084902521806,0.3402225434500768,0.02125736987258198
smallsat03,1.1183080768692573,-1.8838453533100967,3281.8733379574683,3284.4856227531327,0.4944024661912255,0.013498442957626663
smallsat03,1.1206829812890302,-2.0022924371559574,3282.3833836660338,3284.957268950423,0.10813398291243112,0.005288765481329284
smallsat03,1.1221146225145644,-1.909591839570279,3284.5483532997814,3287.1444263566746,0.37735206488035705,0.0027427641542020274
smallsat03,1.1232806420812362,-2.04503500948523,3285.3578943413877,3287.940259239153,0.32636753340006025,0.005872503299662741
smallsat03,1.1254282697258144,-1.9259121865128754,3287.18583274993,3289.7740764224204,0.29758756160607636,0.3512062191969618
smallsat03,1.125641252254436,-1.9359713218435746,3287.196807553617,3289.781063407658,0.24716676665085482,0.017564603111680024
smallsat03,1.1266065938637142,-1.9424019002060853,3287.975801922327,3290.5578308274057,0.21418952073553316,0.025589132446768095
smallsat03,1.1266257401256077,-1.9368477214741715,3288.0770002223812,3290.660926739281,0.24256971064783933,0.37871514467608036
smallsat03,1.1272260286685392,-1.9728133723041672,3288.271156602972,3290.846330306972,0.054102446657802165,0.0034522107705145747
smallsat03,1.1272338128370025,-1.9205543747751035,3288.9376405126154,3291.528284887048,0.3232946573673184,0.33835267131634084
smallsat03,1.1307326569351837,-1.9082308492728657,3292.4100810746095,3295.0069652504963,0.3802726983372202,0.0020957111584563003
smallsat03,1.1316642089701436,-1.9491868502199199,3292.482650675982,3295.062947917862,0.1798806462675998,0.009094303513538586
smallsat03,1.1313322997062913,-2.056616002110498,3292.9200615930176,3295.5064267556063,0.3733292380931879,0.008039768094756462
smallsat03,1.1321469495879521,-1.9337702696705914,3293.143821667057,3295.7291120135005,0.2573488499330604,0.002689139814392388
smallsat03,1.137684216079415,-1.9156988338894694,3298.5393459246084,3301.1324992541454,0.3427037635713214,0.0045344676363759774
smallsat03,1.1384273598216215,-2.0628700927790473,3299.5028534474545,3302.0915601946044,0.394075549337249,0.019202351765953245
smallsat03,1.1428803405152812,-1.9270951706798776,3303.0163484239165,3305.6046126536794,0.28714446306108227,0.3564277684694589
smallsat03,1.1437691668901526,-1.9648407606409348,3303.3372025747944,3305.914579217392,0.09885762888600796,0.006324817922058739
smallsat03,1.1428324661338995,-1.8997011634189824,3303.630878590619,3306.232399652515,0.4126130679222093,0.003038552599638411
smallsat03,1.1440921226149408,-1.9282924665467454,3304.0942891253057,3306.6821222385406,0.281068746523934,0.359465626738033
smallsat03,1.1443856520885423,-2.0560333239397197,3304.7172302671574,3307.3030835328527,0.35711999384130055,0.0036384865415228524
smallsat03,1.147038063859382,-1.93524044776601,3306.6475499449866,3309.2329111141917,0.2469467836482597,0.37652660817587014
smallsat03,1.1470642437981622,-1.9358680681650269,3306.6610278943867,3309.2461733568466,0.2439045408264667,0.37804772958676663
smallsat03,1.1491183217948342,-1.9402636798861745,3308.458854741158,3311.04260878801,0.22274544712535446,0.38862727643732276
smallsat03,1.151272302437892,-1.9628137352476691,3310.167439696749,3312.7456308076726,0.11030438626801317,0.006710974014380376
smallsat03,1.1527024950401454,-1.9415017815509539,3311.6972337281777,3314.2807728324374,0.2155658068877053,0.027555081379519942
smallsat03,1.1556181024621872,-1.98372187211535,3314.036600309124,3316.612351683853,0.006554379648614178,0.03416426373534404
smallsat03,1.1684799922254945,-1.9776704839861277,3325.7282188538497,3328.3051872740084,0.04075660335258763,0.004457923812019407
smallsat03,1.1768001163960913,-1.9754261127411101,3333.2937240201527,3335.8713800773476,0.0517282041951667,0.003383433767431646
smallsat03,1.1898513045700692,-2.0348772455985005,3345.489600359443,3348.069560068576,0.21956344635558517,0.003859518903289513
smallsat03,1.1992154497926248,-2.0891223056432873,3355.2110343004492,3357.806261479273,0.43194974455389396,0.008060065074524798
smallsat03,1.2061021001419736,-1.9190440541068892,3360.6113441025705,3363.203781991756,0.2992410441099945,0.008404435744307466
smallsat03,1.2087200242067948,-1.8891680664766117,3363.7421820690106,3366.347208757289,0.4141785712840803,0.002433697488695502
smallsat03,1.2134098111733662,-1.8660433963654828,3368.757903317009,3371.3748197690884,0.4924862289870531,0.004125917787078254
smallsat03,1.2175334482371756,-1.8965547536566574,3371.5298378367997,3374.1310779954247,0.38041877439743854,0.0025409026061961044
smallsat03,1.220484573109495,-1.9600675818427031,3373.0851326430743,3375.6670881301075,0.12481458468769063,0.004527334153410576
smallsat03,1.2213447935379256,-1.8927045049668796,3375.094527824573,3377.69735051173,0.39195632539773906,0.003438689661100653
smallsat03,1.2219334232814532,-1.8705748121557273,3376.3201061395953,3378.933661421267,0.4695313834569486,0.004514287926781368
smallsat03,1.2262028826042675,-1.858642676738251,3380.6173275558394,3383.2369777751383,0.5050650885225616,0.0017002663992288266
smallsat03,1.2370444839452206,-1.9585321284332617,3388.1509284922495,3390.7337656561367,0.12927507869954954,0.004313571260122432
smallsat03,1.2364036863103507,-1.8914615163801944,3388.7915679211424,3391.3941608556515,0.38517537405600566,0.0024422883557915272
smallsat03,1.2419080009855357,-1.847104531946119,3395.272253314326,3397.896215631575,0.5250227412723334,0.004876274863851135
smallsat04,0.4981096904962017,-1.8629571655557662,1581.272478502399,1583.8462239528478,0.053331146823177765,0.003325332124925784
smallsat04,0.5118541583556575,-1.8819376211712042,1593.7788642171681,1596.359802766473,0.24251356267957275,0.0037121885338283075
smallsat04,0.5396133932158245,-1.865351181330849,1618.7646277632139,1621.3445253427562,0.04582743924067682,0.00575270636881796
smallsat04,0.5786822220025744,-1.8708053876032087,1654.085224609397,1656.671252125696,0.07480967075251642,0.003403775221301492
smallsat04,0.7141130698930065,-1.9097474880329717,1776.9571665156168,1779.5750396220706,0.3378581613048798,0.0027929142756160175
smallsat04,0.7654575148940262,-1.930179272187906,1823.8481548344682,1826.485354761725,0.4547350632713335,0.0019286020812092932
smallsat04,0.7753167925720786,-1.9258978748130093,1832.676237018639,1835.3104712929312,0.41463721519699465,0.3088901798146551
smallsat04,0.7760419768762823,-1.929121672474368,1833.406005371186,1836.0428794689897,0.4378292056148978,0.2810853971925511
smallsat04,0.777793065714809,-1.9265764239195988,1834.9335321841888,1837.56855494922,0.4175460770797071,0.022738510142151218
smallsat04,0.8368091054429689,-1.8579097955320465,1888.047513275824,1890.6805967182493,0.1891696882613057,0.4054151558693472
smallsat04,0.8368091054429689,-1.8579028142150387,1888.0475840394042,1890.6806705672182,0.18922624838502272,0.40538687580748867
smallsat04,0.8377772046724663,-1.857284845486785,1888.9334744428634,1891.5670110782323,0.19457848298499825,0.021856186759558093
smallsat04,0.8743008721709105,-1.8491399872796725,1922.2343923430801,1924.8786312530617,0.26731627415813636,0.007426238017224516
smallsat04,0.8853521573681985,-1.8301049901251094,1932.6553232089,1935.3148782251587,0.40366010745017006,0.004252300993808654
smallsat04,0.8948083338022107,-1.8651386874944182,1940.6929839212185,1943.333434402922,0.15127425742395792,0.01108209492939624
smallsat04,0.9052804663938094,-1.8220146560038295,1950.9994568437687,1953.6692458567136,0.45518070314349585,0.004955857930639048
smallsat04,0.9061503035864187,-1.8182710992912268,1951.8978767555689,1954.5713509670238,0.4781991395040497,0.002686752630693648
smallsat04,0.9341264130594387,-1.9636064987005095,1977.6044976557228,1980.2762007574706,0.5168723198004563,0.0019437837000028308
smallsat04,0.9384116327053974,-1.8354136882977308,1980.8254350141244,1983.489240255374,0.3679688049182091,0.002774195592279008
smallsat04,0.9437266315166184,-1.8696294196598005,1985.1488584238512,1987.7961984533827,0.1328236335926851,0.003589821098137481
smallsat04,0.9439686039641151,-1.851248920974735,1985.5837316058996,1988.2386179150876,0.2626444198646619,0.003072806487617332
smallsat04,0.9519335187253458,-1.8430299909941683,1992.9780126702015,1995.638863989293,0.31834091596908914,0.010370761304446278
smallsat04,0.9523738827489169,-1.9171603202452125,1993.1196778996523,1995.7672480918964,0.20606041727243576,0.009179264808968524
smallsat04,0.9547997158762633,-1.8777379226585933,1995.1735946816755,1997.8207115351295,0.07808442655586949,0.01928493727049547
smallsat04,0.9555838748558924,-1.8638843717208877,1995.991156975457,1998.6423367173338,0.17714459114658015,0.007616898234619823
smallsat04,0.9572005384354295,-1.914531522779151,1997.474814280364,2000.1224631548023,0.18447688809288432,0.011861783662688998
smallsat04,0.9586820088111072,-1.8157060237961564,1999.8109876962237,2002.4938472078386,0.4845812762443153,0.004160631744397138
smallsat04,0.9592267435239479,-1.9591138990328285,2000.2204935425652,2002.8891104201255,0.4674986441378737,0.004241905800797698
smallsat04,0.9615609817721499,-1.8388346907112723,2001.8293347995761,2004.4943178996027,0.3453149089952737,0.0028518082564165884
smallsat04,0.9632128486427001,-1.8763073460839033,2002.8356966940569,2005.4844901354297,0.09120070154921811,0.007219501626893011
smallsat04,0.9637377564152366,-1.8874829510838107,2003.2796645476085,2005.9266483318788,0.013134431151600966,0.006217910994124147
smallsat04,0.9651902019654545,-1.8361330955621096,2005.19329014833,2007.8606274141798,0.3621918062138869,0.0034301324661817163
smallsat04,0.9654618101036496,-1.8248796314242708,2005.7195019002445,2008.395269662118,0.4304110451254716,0.024615166410872656
smallsat04,0.9676278160652511,-1.8821047713536683,2006.828738636535,2009.4770524631856,0.05168104442191591,0.47415947778904205
smallsat04,0.9676574866625349,-1.88173423795347,2006.8568879031789,2009.5052678694371,0.054321162698491424,0.4728394186507543
smallsat04,0.9670369872068665,-1.8199349216671539,2007.2938223158653,2009.9739326374365,0.4588466721277076,0.0021171722030790324
smallsat04,0.9697254923866387,-1.8445584805398951,2009.149692438001,2011.812376041969,0.3086147853434399,0.003047395564467898
smallsat04,0.970203852228026,-1.9288680412274677,2009.4863027515344,2012.1394345993951,0.2713894147610084,0.0030640503811250395
smallsat04,0.9716040251671456,-1.8359905894286848,2011.0379430515513,2013.7063103876321,0.3626025117215146,0.004491952565727912
smallsat04,0.9734925412309736,-1.8533034353037194,2012.4307416330873,2015.089363761194,0.2520377268923553,0.009451749924503604
smallsat04,0.9741831156561098,-1.8914933162791658,2012.7819979665971,2015.4303631972616,0.01675484042076086,0.017825251498012028
smallsat04,0.9744373577682478,-1.8930657706687504,2013.0149675105488,2015.6632634678938,0.02983683395329668,0.026760657384510247
smallsat04,0.9745433341604292,-1.8634862970250927,2013.253762807942,2015.9081864293553,0.18398671890920465,0.0032828214298282698
smallsat04,0.9760879854550293,-1.8802079475226,2014.5340098664963,2017.1840157461227,0.0683898104111582,0.013411460289320965
smallsat04,0.9800509649611925,-1.8885302184481771,2018.1206652188278,2020.7701378778884,0.013008121455779375,0.014043578442512868
smallsat04,0.9844482521984217,-1.9098865907743556,2022.199710828061,2024.8501093908048,0.1336063150746741,0.006006996215482259
smallsat04,0.9857811426948773,-1.928958414376136,2023.6400352407986,2026.2948365387845,0.25939007408861214,0.002874800862412704
smallsat04,0.9881108779936095,-1.892323429777999,2025.4545371520971,2028.1049776853679,0.011235356449547044,0.012161145939241537
smallsat04,0.988231724591018,-1.820651117525709,2026.5809024205696,2029.263014034139,0.45035429501249286,0.0019200956627563584
smallsat04,0.990194155348668,-1.838128984281521,2027.923944717281,2030.5936023723198,0.3479960467926312,0.002305268643890187
smallsat04,0.9931048583955111,-1.8827205409670644,2030.0126930656422,2032.6650040635016,0.058166918425466146,0.003834830363810977
smallsat04,0.9960804702372367,-1.8029796588492666,2034.310965265023,2037.0099361661744,0.5416027216887801,0.0044583719288549244
smallsat04,1.0029798091302466,-1.8627480227515,2039.1567508196572,2041.8159718241807,0.19292301562544875,0.4035384921872756
smallsat04,1.004401379805996,-1.8561131536000435,2040.539133276007,2043.201296777161,0.23574900301983415,0.3821254984900829
smallsat04,1.0057388256117992,-1.854597684210537,2041.7800626323105,2044.443071515286,0.24548536264014054,0.37725731867992973
smallsat04,1.0067657773436727,-1.8544446188351371,2042.717888290404,2045.3811516124676,0.2464787772051883,0.37676061139740585
smallsat04,1.0071640440256866,-1.8553213326249987,2043.0674538024507,2045.730387211036,0.2409286339930179,0.02922804294809885
smallsat04,1.016617445386188,-1.8229521072516612,2052.379289241324,2055.0629181698555,0.4309190083652626,0.0031297557603271776
smallsat04,1.0208795917794362,-1.8357188067575638,2055.9365990372835,2058.611963782227,0.35856580896687873,0.0050316236058608145
smallsat04,1.0232662422650753,-1.9495974040198667,2058.093469729036,2060.7597633794235,0.352915516026279,0.0287506107074364
smallsat04,1.0234786488350434,-1.944042003557476,2058.1669135670218,2060.830843869716,0.32053630584613824,0.003297663795626742
smallsat04,1.024586950363352,-1.9408150643034638,2059.1103872228186,2061.7730899926137,0.30054329754037185,0.17553402198362916
smallsat04,1.0243214159709542,-1.8125789697352357,2059.713918651906,2062.406615989911,0.48333046789051687,0.002630536811146749
smallsat04,1.0286628177655348,-1.8882866752043537,2062.3713606945594,2065.0283207279367,0.03365974239446856,0.003577713747074879
smallsat04,1.0314313986513877,-1.861407330633288,2065.0925610798395,2067.756666016532,0.2044639935366525,0.004326655160485325
smallsat04,1.0307234582001945,-1.8081020605775302,2065.696881961716,2068.39396543662,0.5035327476848559,0.0032912469046811953
smallsat04,1.0323668776771646,-1.8420037024874103,2066.268465305988,2068.9416655631203,0.3207336779756736,0.010049518812242569
smallsat04,1.0335759545164829,-1.8369080741098736,2067.480263155816,2070.1565528524675,0.34973430331413113,0.32513284834293443
smallsat04,1.0335783979774356,-1.8368989983977633,2067.4826950612146,2070.1589904975963,0.3497852025031903,0.3251073987484049
smallsat04,1.0338171590191083,-1.8310741365521572,2067.838603521915,2070.518572400093,0.3823151542116379,0.30884242289418107
smallsat04,1.0348915837066361,-1.864993737900041,2068.202002561857,2070.8653590532417,0.18261289711036413,0.40869355144481795
smallsat04,1.0336422770280598,-1.8126913514857717,2068.2045604951545,2070.8980252395727,0.47954345229160267,0.0020448737759462933
smallsat04,1.0357234076281365,-1.8757854577309727,2068.8597875256382,2071.5200955131186,0.11526278657624041,0.4423686067118798
smallsat04,1.0357984567859724,-1.8844679471608687,2068.8810375183393,2071.539601084119,0.060225060310654395,0.4698874698446728
smallsat04,1.0361506642290248,-1.8813003491014242,2069.21559582018,2071.87477440503,0.08060430142767039,0.4596978492861648
smallsat04,1.0439814504372409,-1.909911234823394,2076.3628521643,2079.0213078188576,0.09821953649257875,0.011306523451456047
smallsat04,1.044823467081573,-1.857046573137302,2077.356543730827,2080.024301295232,0.2319973895861506,0.013650734398365897
smallsat04,1.0454011885172756,-1.8180331236477179,2078.7551777493477,2081.445550130665,0.4483736959236843,0.010373148772720425
smallsat04,1.0516929433910829,-1.8291685162616595,2084.1801872271703,2086.8634756846145,0.3884410359881643,0.003378863276165393
smallsat04,1.0541745572413233,-1.7997956721481456,2087.3633865775364,2090.0693980371107,0.5331832540297261,0.007523529889220915
smallsat04,1.0552924231739331,-1.8142515711172988,2087.8868105102138,2090.5809498986896,0.46383200748325437,0.0025891552358633645
smallsat04,1.0568450680765071,-1.9288177233851327,2088.2492989793423,2090.9119632875213,0.20353065679589952,0.006085556761641463
smallsat04,1.0614217577075493,-1.8234741177776397,2093.2007224257227,2095.88881600114,0.41534448979185956,0.003675729192678579
smallsat04,1.0616737308916604,-1.81285403362535,2093.7473838127057,2096.443124372382,0.4682027522720956,0.010279286267081907
smallsat04,1.0635184740978478,-1.9251928490616654,2094.2774320836297,2096.9401112955547,0.17732850407333656,0.006039505675429612
smallsat04,1.071357620433181,-1.9346611206273943,2101.5326631404673,2104.198099638492,0.2264277358553175,0.0035243952354431737
smallsat04,1.0705937421794605,-1.8224060809951743,2101.591730139606,2104.2814313615736,0.4176579860723582,0.00545091536436737
smallsat04,1.07349271661373,-1.7955861997917237,2105.125034274737,2107.8358418606763,0.5424715340796218,0.003669835825147354
smallsat04,1.075377113700524,-1.837589712449239,2105.569972430549,2108.2510465880864,0.3378342241657706,0.004717710430893607
smallsat04,1.0762827475960905,-1.9191531546384317,2105.8357855390354,2108.4992838821586,0.13352030278662316,0.02499042977389674
smallsat04,1.0785003803969675,-1.8833193459801303,2107.7933686418723,2110.458523255341,0.07933481361862582,0.003069804619790962
smallsat04,1.076691084827888,-1.8011616017273413,2107.8320807578853,2110.5381117081674,0.5161059304770228,0.002449149183878962
smallsat04,1.0804653942419107,-1.8340884772499835,2110.289630352758,2112.9731963409236,0.35508886801828715,0.002584158905850724
smallsat04,1.0822082276730745,-1.929859510415648,2111.341307589413,2114.0069438975643,0.19094078335875184,0.0027597009879632975
smallsat04,1.0837059819706727,-1.7958529035547202,2114.4210824048355,2117.1318601000007,0.5358865329317113,0.0019789798235791832
smallsat04,1.0877324391017313,-1.8793196272932131,2116.2321506831986,2118.899355580825,0.1047033477488645,0.004013018027607006
smallsat04,1.0873449411012037,-1.8107694996332304,2117.2134288242414,2119.9126418691335,0.4671386946507513,0.005058629992115535
smallsat04,1.0886299746695693,-1.8498765162240136,2117.4088113637263,2120.0855414416424,0.2696194772219843,0.0066768952790623596
smallsat04,1.0872884098867315,-1.7962165079977888,2117.6715406830085,2120.382137002419,0.5323535861615207,0.003908432844724063
smallsat04,1.091249975676201,-1.8641025378773877,2119.584313430375,2122.2560495701646,0.19141159509912822,0.008320913745366572
smallsat04,1.0899704049883934,-1.8048677560340742,2119.803345084289,2122.5071262084684,0.49280955943862076,0.002766554789782136
smallsat04,1.0908839452254724,-1.8002824095699421,2120.797706938123,2123.505119143326,0.5127051470002241,0.0050806985689933306
smallsat04,1.0953168546327352,-1.791744101789553,2125.1584492467023,2127.8730434856902,0.5467994207713637,0.0028829599513330987
smallsat04,1.097608332314264,-1.8930403761281336,2125.1765875184706,2127.843077464377,0.03464557354648907,0.016611818970412015
smallsat04,1.0974783750981603,-1.820707456753964,2126.149656379694,2128.8428865130795,0.4159556230751742,0.00233014238247108
smallsat04,1.1001301410971775,-1.9747232686513327,2128.540682218865,2131.2224491291126,0.4097185908373106,0.0033470923504221694
smallsat04,1.100673392280154,-1.838450473929738,2128.6171997734095,2131.3006923470534,0.3272077830606294,0.005143945026646114
smallsat04,1.1033945874768156,-1.8515579838786784,2130.8440305584963,2133.521957314919,0.25868577750691213,0.003671976448749095
smallsat04,1.1045324897892375,-1.8801733900034114,2131.5433821138768,2134.2127910978497,0.10283570250259354,0.4485821487487032
smallsat04,1.104607591306952,-1.8666541219773405,2131.734633789776,2134.407405047498,0.17746378141091623,0.0031623775817354975
smallsat04,1.1045654066989314,-1.959140497850629,2132.1815714528875,2134.857080523166,0.3290005577625243,0.0023565500411380142
smallsat04,1.1053402456203536,-1.8946720146326528,2132.2218809062924,2134.889240598727,0.022672466448894667,0.007475904079976921
smallsat04,1.1081198046272025,-1.893336802848292,2134.757899101717,2137.4257827699357,0.03002108188315549,0.005247262620706091
smallsat04,1.1110697426756306,-1.862066332052256,2137.685025967976,2140.360099897341,0.2021833447543423,0.0029452731522818863
smallsat04,1.1116858613548772,-1.8725355324907107,2138.128023197289,2140.8002085410462,0.1456772610054034,0.016950617464391794
smallsat04,1.1122066850569645,-1.9354910595933035,2138.718042312983,2141.3879533080762,0.19987993941093551,0.004242769974616947
smallsat04,1.1124266489025936,-1.9210720219779516,2138.766577253303,2141.43465474849,0.12191938270538306,0.003934386552558081
smallsat04,1.1151287501972393,-1.904621560739619,2141.147220484735,2143.815280239616,0.036111418294768535,0.0053685381039042385
smallsat04,1.1150897420884565,-1.9905842798413882,2142.5982206488775,2145.2881912587327,0.4661055506613768,0.0018196902481624742
smallsat04,1.1170037399593629,-1.8759332871186163,2142.9477428120495,2145.6198340950864,0.12768900422545426,0.43615549788727287
smallsat04,1.117010721276371,-1.8759446317587545,2142.9540151163574,2145.6261052921172,0.12762849329725667,0.43618575335137166
smallsat04,1.1177756990875212,-1.9288433797251368,2143.7101627510315,2146.3796756552642,0.16044017656966342,0.006401363800381839
smallsat04,1.1183080768692573,-1.8838453533100967,2144.082672371762,2146.7533080446415,0.0850038462123515,0.024428567313822643
smallsat04,1.1191008403220977,-1.917591416570455,2144.8217385220287,2147.490414878226,0.09911752075717432,0.029025532598724604
smallsat04,1.1217816835064531,-1.857940408607126,2147.5132877404662,2150.191097203706,0.22307227908644267,0.003419258899740566
smallsat04,1.1221146225145644,-1.909591839570279,2147.5280567958653,2150.196947075594,0.05408546295611604,0.004166753535678309
smallsat04,1.1206829812890302,-2.0022924371559574,2148.073129135501,2150.7697230168537,0.5095604425610856,0.0029083065756127626
smallsat04,1.1254282697258144,-1.9259121865128754,2150.65114120025,2153.321310988644,0.13978150174340417,0.4301092491282979
smallsat04,1.125641252254436,-1.9359713218435746,2150.9551532532273,2153.6266472408192,0.19236991394349218,0.01884308674781307
smallsat04,1.1266257401256077,-1.9368477214741715,2151.862847324921,2154.5345065224637,0.1962085984407549,0.40189570077962256
smallsat04,1.1266065938637142,-1.9424019002060853,2151.9228100958,2154.595497634074,0.22474176168650348,0.025245509272440698
smallsat04,1.1272338128370025,-1.9205543747751035,2152.252170765369,2154.9220198207177,0.11025389545714434,0.4448730522714278
smallsat04,1.1272260286685392,-1.9728133723041672,2153.100497325134,2155.782455269732,0.3728822389975352,0.0022887707884053287
smallsat04,1.1307326569351837,-1.9082308492728657,2155.378892598324,2158.0489737098437,0.0429064033484077,0.0032365715126768018
smallsat04,1.1316642089701436,-1.9491868502199199,2156.6340898907215,2159.308739928828,0.2548646326085846,0.008262806089003405
smallsat04,1.1321469495879521,-1.9337702696705914,2156.852517615985,2159.5242880534533,0.1773078593385023,0.002978968241335283
smallsat04,1.1339428410283774,-1.8009798082324544,2160.011846537003,2162.720341673117,0.4852279600297421,0.001834647550453999
smallsat04,1.137684216079415,-1.9156988338894694,2161.7453112364733,2164.4162406196365,0.07896309851404251,0.006353926571051126
smallsat04,1.1428324661338995,-1.8997011634189824,2166.4009035549875,2169.072907442918,0.007798312238039804,0.005132659330792619
smallsat04,1.1428803405152812,-1.9270951706798776,2166.5610132521197,2169.2332171883772,0.1348096521762665,0.43259517391186675
smallsat04,1.1440921226149408,-1.9282924665467454,2167.6759420536146,2170.3484272580467,0.14017307254943182,0.4299134637252841
smallsat04,1.1437691668901526,-1.9648407606409348,2167.948753963661,2170.6287131313993,0.3192844612765484,0.004777715461120332
smallsat04,1.147038063859382,-1.93524044776601,2170.431881169556,2173.1055313571746,0.1731443628862469,0.41342781855687655
smallsat04,1.1470642437981622,-1.9358680681650269,2170.463022213156,2173.1367645373975,0.17626356787029523,0.41186821606485235
smallsat04,1.1491183217948342,-1.9402636798861745,2172.388503497648,2175.063022984405,0.19689243757544983,0.4015537812122751
smallsat04,1.151272302437892,-1.9628137352476691,2174.7293278548354,2177.4090568540396,0.30271997472576123,0.005259583230643583
smallsat04,1.1527024950401454,-1.9415017815509539,2175.668766420723,2178.343948266269,0.1999652409210536,0.028103087660419173
smallsat04,1.1556181024621872,-1.98372187211535,2179.18012362106,2181.8671713837757,0.3917519857763916,0.02091744645981182
smallsat04,1.1582301447674292,-1.8030523867191972,2182.0744215389977,2184.782278258092,0.4615661353746567,0.002531716031468364
smallsat04,1.164281951775672,-1.7988175896353282,2187.731196242448,2190.441843830774,0.4743151170588056,0.006869124365392588
smallsat04,1.1684799922254945,-1.9776704839861277,2190.709026230656,2193.3943945113347,0.35199009413900023,0.0030115180358380195
smallsat04,1.1768001163960913,-1.9754261127411101,2198.2184298902416,2200.903434943852,0.33372244172608395,0.0023772783279213325
smallsat04,1.1898513045700692,-2.0348772455985005,2211.9573442116466,2214.667839331758,0.5454962396878323,0.0022476725959971067
smallsat04,1.2061021001419736,-1.9190440541068892,2224.1478675937683,2226.827065230531,0.0620006115810211,0.01124973933177162
smallsat04,1.2076635938638556,-1.8444845658460731,2226.100466837367,2228.7920604326114,0.26455406520736774,0.0028721615240101597
smallsat04,1.2087200242067948,-1.8891680664766117,2226.5471051067248,2229.2285385584582,0.07197675158115109,0.003855317915014704
smallsat04,1.2118229403641596,-1.851188183516766,2229.780726938863,2232.470563082601,0.2352313313855125,0.3823843343072437
smallsat04,1.211907623739467,-1.852756571289193,2229.8329212550766,2232.5223102234336,0.22865225389059093,0.014504937249672068
smallsat04,1.2118210205019826,-1.8467807035567048,2229.8534547653603,2232.5446268121113,0.2534925591784528,0.3732537204107736
smallsat04,1.2123243734582578,-1.8214451550689046,2230.853397720489,2233.5539348479315,0.3545841192816525,0.3227079403591737
smallsat04,1.2134098111733662,-1.8660433963654828,2231.0211149631864,2233.7072985927707,0.17221777645321187,0.006729593550027539
smallsat04,1.2175334482371756,-1.8965547536566574,2234.5644451478315,2237.2460821807554,0.04088709517315726,0.003933322022694882
smallsat04,1.2171661436960932,-1.8184649355579539,2235.3444136276426,2238.0464073474795,0.3630847761309281,0.003514285900234915
smallsat04,1.2178706982085383,-1.8033072222432813,2236.4118300515906,2239.120767119189,0.4186444184445047,0.0023587533795644965
smallsat04,1.220484573109495,-1.9600675818427031,2237.6702217407546,2240.3543141608366,0.22777886844831954,0.003994699913516843
smallsat04,1.2213447935379256,-1.8927045049668796,2238.056674185391,2240.73920404249,0.05876208982406332,0.005323014128014981
smallsat04,1.2219334232814532,-1.8705748121557273,2238.752620839237,2241.438728540579,0.1518069546873477,0.007218122815610671
smallsat04,1.2262028826042675,-1.858642676738251,2242.7951283277107,2245.4843112183726,0.20020765076901556,0.002747553317058175
smallsat04,1.2364036863103507,-1.8914615163801944,2251.8110168309317,2254.4953707460413,0.06478397736918438,0.0037149897805638103
smallsat04,1.2370444839452206,-1.9585321284332617,2252.730738820992,2255.4158973927624,0.20746204532581247,0.003926233027455925
smallsat04,1.2419080009855357,-1.847104531946119,2257.3085048721296,2260.002100822974,0.24023529362159188,0.007799997730582864
smallsat04,1.2082355906196105,1.1317371113729984,2888.5246010252254,2891.2366138062066,0.2444567079673893,0.37777164601630536
smallsat04,1.1656205844053658,1.217464542638306,2927.763960707321,2930.463711155788,0.15903635490051854,0.42048182254974076
smallsat04,1.1656842889230636,1.206233697967573,2927.8059228754173,2930.5047924167507,0.10451356753172407,0.447743216234138
smallsat04,1.1624259337425151,1.211199159689497,2930.740218218008,2933.4392748481355,0.13073361828456018,0.4346331908577199
smallsat04,0.8798277539533232,1.2024227715458446,3188.2740490367955,3190.9530963254265,0.2828153087425863,0.034014874598520366
smallsat04,0.7179699857405254,1.1874473229649565,3335.528222653603,3338.1894944024243,0.2944916595575538,0.35275417022122313
smallsat04,0.715489523807591,1.1573990364309215,3338.017160806622,3340.6706531985815,0.02196189842521964,0.48901905078739016
smallsat04,0.7152134127199256,1.1519180044479582,3338.266542916646,3340.9205263924605,0.030260878817371127,0.4848695605913144
smallsat04,0.715164019902094,1.1615192351961043,3338.30473138899,3340.958178737664,0.06100765230982521,0.4694961738450874
smallsat04,0.7147582308510054,1.1622931141864385,3338.6708457870745,3341.3242821321933,0.06839137777692478,0.46580431111153764
smallsat04,0.7145569943882504,1.164813195093393,3338.8438510774477,3341.4974668808673,0.09214832610771201,0.45392583694614397
smallsat04,0.713292520798474,1.1832803668291132,3339.8306783645394,3342.489551563573,0.26189835157424124,0.0674725780553095
smallsat04,0.7124418298677585,1.1737817439876914,3340.7055207319527,3343.3606701937497,0.1770391265555195,0.4114804367222402
smallsat04,0.7122966184739926,1.1749587940352362,3340.826846377408,3343.482332766466,0.18795903018259077,0.4060204849087046
smallsat04,0.71074973315795,1.1759616602234322,3342.2214094222886,3344.8771389843273,0.19850241558019102,0.4007487922099045
smallsat04,0.7086499275348755,1.1779773409765604,3344.10678152643,3346.762974440513,0.2181909858374214,0.3909045070812893
